,Net1_M1,Net2_M1,Net3_M1,Net4_M1,Net5_M1
0,141.34366,15.882722,55.725792,-48.00389,-21.975988
1,161.80496,35.32415,37.894527,-35.903114,1.1155291
2,171.53049,52.969215,55.652588,-22.395145,4.25383
3,207.08481,30.075878,64.41362,-21.193892,-15.532427
4,250.21336,-8.522854,42.13534,-30.579762,-13.099637
5,247.68187,-18.613298,44.249836,-31.315746,-15.869905
6,210.4658,-5.164796,65.852776,-20.310371,-21.784449
7,209.09695,-24.44796,71.47976,-14.106722,-24.560717
8,249.59871,-54.07821,58.74722,-17.122156,-22.27267
9,260.40277,-41.17569,66.65971,-29.009777,-14.007129
10,241.37566,-21.047543,109.264,-24.18538,-24.825394
11,241.00961,-21.72948,122.79706,-5.7973995,-30.74578
12,249.45828,-9.15946,96.48996,-10.414745,-31.78978
13,240.92818,18.819176,81.11417,-15.00107,-48.11422
14,228.5541,34.697643,81.74042,5.7847967,-44.906677
15,232.9585,29.687801,78.9626,14.232751,-24.098045
16,223.4508,30.586998,87.70572,-1.5606441,-9.739687
17,203.52493,36.295204,113.32742,-10.152759,6.456438
18,231.60834,5.4344883,115.04969,2.4338999,13.181995
19,273.30994,-32.83847,90.25747,11.927056,3.3753853
20,274.88242,-32.380283,87.77818,-4.9571295,10.449614
21,261.89252,-27.886444,95.14947,-30.805046,23.410667
22,269.2661,-41.05869,89.97593,-34.938103,1.9221001
23,314.6462,-51.159954,83.574745,-29.78833,-17.683115
24,356.63486,-50.749485,81.57808,-14.975773,-6.3486357
25,340.98053,-41.872948,88.75368,8.201343,7.6196365
26,307.62686,-17.458332,96.81263,11.541812,8.800034
27,307.72406,16.623077,86.35332,2.8423185,3.769165
28,316.9273,48.276226,75.31727,8.842862,8.120693
29,308.07587,74.338326,80.951935,20.030937,18.895761
30,299.54187,94.29442,71.33921,11.310876,13.897263
31,280.45242,116.24669,57.114555,-8.311775,-8.898457
32,250.02696,153.29094,65.437256,-11.673628,-23.41758
33,282.5196,201.22739,90.02525,-6.2248106,-34.675674
34,371.43195,287.4131,122.410385,-4.215541,-63.586998
35,443.49585,397.70508,145.41296,2.836215,-77.7446
36,478.8648,411.01877,165.89755,18.607113,-61.231037
37,466.0325,289.2787,203.27768,56.65707,-25.025585
38,436.82477,172.2102,244.94885,112.46596,31.451256
39,443.51447,132.83397,276.2343,138.31989,71.46483
40,440.0921,75.14603,291.88083,118.53183,68.67674
41,397.70856,-34.806084,320.1178,93.786316,41.538624
42,344.08728,-178.39018,333.241,62.690914,10.677702
43,231.2385,-397.11417,280.14545,4.7434664,-31.167484
44,37.754364,-703.31,206.2312,-39.19072,-75.320984
45,-199.92654,-1006.9013,152.53381,-55.48318,-97.957825
46,-494.2295,-1215.3107,107.21623,-69.70589,-103.5323
47,-831.4877,-1301.0764,75.3373,-69.383995,-110.05609
48,-1128.954,-1277.5579,64.72881,-49.114582,-133.5654
49,-1351.9889,-1190.1824,80.24552,-40.083652,-164.37943
50,-1504.069,-1061.1627,105.40873,-46.39552,-178.7901
51,-1566.0385,-879.51245,111.056274,-52.492153,-190.20523
52,-1514.9125,-693.8053,109.78225,-53.989132,-184.97046
53,-1359.0372,-530.1706,124.883896,-38.820663,-157.8454
54,-1155.5734,-359.47272,140.4089,5.0729036,-146.91794
55,-931.1769,-202.4826,124.56589,39.41197,-116.44655
56,-682.7772,-65.903946,86.395294,44.673542,-53.18089
57,-427.6687,51.160095,47.61376,54.359417,-5.968072
58,-183.10107,131.18228,25.401134,84.17023,30.60559
59,9.602188,204.74867,20.42551,118.23932,72.4025
60,143.53932,265.33597,16.122242,142.48251,106.986694
61,271.4812,294.45355,36.599503,143.2949,131.958
62,396.5772,321.6214,74.56218,120.70126,153.4144
63,494.0722,334.36142,89.85329,105.096054,186.4966
64,578.8812,295.52966,95.41684,93.12096,216.98201
65,640.84436,229.40588,95.85763,53.78612,209.1934
66,681.9371,163.31552,79.422134,5.7300043,198.5712
67,730.50256,88.08018,85.75514,-22.416594,212.03427
68,782.8014,0.8627205,128.03366,-38.802013,205.8777
69,805.12036,-79.26317,174.80225,-64.236946,182.96481
70,814.38586,-139.08153,205.40858,-81.97982,183.1195
71,803.3993,-172.65808,242.66953,-83.001045,185.62328
72,776.4696,-183.04027,272.28287,-90.9174,168.105
73,769.03674,-194.02713,251.97821,-109.82628,139.84192
74,746.83777,-200.18536,231.90936,-127.64058,103.37575
75,702.7615,-181.44032,257.12393,-140.15416,88.21205
76,686.0422,-172.55695,289.39355,-141.84929,92.872925
77,668.8103,-181.10507,300.12946,-151.48854,60.565388
78,617.4297,-188.2201,291.3225,-182.94077,1.5056877
79,561.25464,-189.75217,292.34958,-213.85748,-25.415916
80,520.957,-178.01552,306.3132,-223.27745,-19.309244
81,455.0121,-142.85876,312.18573,-216.11841,-1.9761925
82,373.40088,-110.89284,327.72156,-211.58594,0.73254967
83,319.37494,-88.36356,325.5778,-220.80397,-1.6246662
84,268.90137,-53.168594,286.22412,-224.6582,22.310223
85,212.24857,-20.211575,262.62854,-194.58018,45.744194
86,159.93909,4.3549185,246.38525,-154.37256,51.54655
87,109.6057,38.66688,210.39954,-146.37053,62.42792
88,72.652374,79.86697,196.8155,-142.35683,62.867817
89,52.679276,121.18787,192.76213,-123.83974,38.870968
90,19.929718,152.41792,176.16891,-113.764275,24.997768
91,-19.016937,162.04042,179.38559,-101.18981,26.708683
92,-28.723938,169.6871,188.73538,-76.18167,28.385017
93,-59.697296,193.99501,185.9706,-59.06844,15.53863
94,-124.73001,214.60579,170.20908,-44.613403,4.23909
95,-152.3884,227.60245,137.79594,-21.189068,15.919004
96,-181.70743,240.45079,126.51018,-3.7446604,30.117867
97,-246.83725,233.28046,145.76892,-10.00392,33.775578
98,-310.17987,239.44221,171.75421,-16.695053,29.02776
99,-371.4032,272.19547,195.4425,-7.2994585,18.588966
100,-410.68317,272.94208,196.56696,-6.4220705,19.076029
101,-408.57123,248.42287,183.67108,-15.144298,23.176601
102,-425.0705,246.02617,194.25925,-18.033485,12.69186
103,-470.58777,260.9961,215.20724,-10.722717,2.023178
104,-500.74762,261.20438,218.00095,7.7497416,14.0947895
105,-523.99365,247.17812,220.08987,8.041215,34.524315
106,-560.53204,248.82191,242.81616,-14.702194,40.581654
107,-584.62177,262.49387,267.27945,-23.749994,37.37531
108,-604.05145,260.31415,250.6264,-29.760569,40.746838
109,-638.57794,228.44423,196.30075,-35.486702,46.265755
110,-662.0556,193.16568,165.70978,-17.066917,47.73385
111,-669.56506,192.14786,173.2992,4.823718,42.0602
112,-674.5737,189.71149,174.95291,9.083362,16.978678
113,-663.44653,139.183,146.74084,-4.3828144,-4.6429863
114,-666.2955,92.223625,131.31363,-12.608332,8.909895
115,-680.72,83.34073,146.81525,1.9948606,28.037872
116,-656.3838,61.861378,132.6069,6.3106604,14.816322
117,-632.0001,23.404415,93.11236,-8.159235,3.167037
118,-644.5209,10.277108,96.12921,4.28564,13.658079
119,-650.9514,-7.547908,112.63812,26.925041,21.570492
120,-649.5688,-57.53118,104.01711,23.45388,27.840508
121,-674.239,-94.963104,115.6719,21.348457,31.526707
122,-694.2428,-113.49675,130.45657,37.4748,19.85749
123,-699.49713,-131.2645,109.09988,42.95365,4.284424
124,-717.944,-149.91383,103.00537,26.820187,0.17363453
125,-733.5326,-164.33524,129.44325,19.803394,1.9569111
126,-738.50903,-176.45482,152.29639,36.45277,-15.366492
127,-762.0303,-196.18938,157.28473,41.518963,-51.04498
128,-782.3391,-211.12761,143.87192,28.597832,-51.00674
129,-744.86896,-236.50641,117.73404,15.013795,-16.201944
130,-696.66156,-276.8062,86.33751,3.4048948,-15.436176
131,-697.4193,-297.19913,76.89759,14.441718,-23.27827
132,-694.1363,-318.7763,98.537735,40.765587,3.0646877
133,-657.2439,-367.00757,100.84529,42.706867,13.332012
134,-650.1966,-394.14844,73.312294,38.989166,17.02032
135,-684.47076,-373.89792,70.8766,41.101074,33.648117
136,-694.3363,-359.28366,68.38159,21.808056,31.569633
137,-672.35187,-368.25858,40.990723,0.6496916,13.217075
138,-662.6075,-342.19217,43.735737,1.3085928,5.2496033
139,-630.803,-286.3719,29.872673,-7.254698,0.6371269
140,-544.4507,-238.65408,-27.982979,-24.321997,-17.40419
141,-451.64697,-214.24355,-39.773994,-17.793346,-20.455248
142,-375.80377,-246.13596,-24.305977,-4.7359705,8.731892
143,-315.5371,-262.5678,-32.71422,-9.259763,27.985523
144,-264.0197,-194.80484,-32.006447,-9.38082,36.023037
145,-185.90515,-147.42871,4.100212,7.5505857,50.070805
146,-96.93005,-180.31921,62.889652,12.5344305,34.165173
147,-69.754486,-219.96777,96.69979,-13.217364,0.4099884
148,-88.46033,-263.10333,99.490814,-29.23388,-15.774782
149,-122.74158,-322.09937,104.23216,-22.568493,-42.446808
150,-207.68033,-336.26578,113.044464,-22.694038,-66.23784
151,-351.17822,-293.91544,132.91466,-14.892476,-60.97592
152,-505.31085,-240.35185,170.57852,16.616882,-64.059586
153,-641.7857,-205.70993,180.12155,39.209255,-72.92157
154,-732.9555,-190.72838,151.71881,45.568386,-72.71755
155,-753.4393,-196.9711,128.51073,49.71681,-89.06142
156,-733.17413,-210.462,119.08953,51.94006,-117.551254
157,-689.6843,-214.11687,108.229324,63.47011,-106.73212
158,-606.60345,-218.9517,95.90829,92.07666,-54.896244
159,-529.42175,-216.40865,85.229385,113.32626,-22.594866
160,-478.36,-200.02666,89.1362,100.91742,-24.220245
161,-408.92554,-212.5353,67.287125,81.4069,-16.869658
162,-343.56305,-240.50041,10.503273,78.12026,-14.010032
163,-286.39478,-239.699,-27.904655,79.204285,-18.547844
164,-194.3747,-238.27676,-52.496925,73.64172,20.109783
165,-105.655426,-241.0761,-60.227135,57.223866,62.412144
166,-51.29904,-207.07072,-56.69889,33.272015,64.89371
167,-1.7581177,-156.76543,-89.12159,7.529544,75.185
168,52.244843,-127.30147,-127.212776,-11.271681,85.51709
169,97.14145,-88.178024,-120.030464,-10.967638,65.61424
170,129.3179,-32.14272,-107.51777,-7.7947254,49.472492
171,188.93127,-15.489318,-129.93594,-29.74609,57.162807
172,279.70712,-47.717583,-139.78824,-64.039375,44.57702
173,339.40628,-62.840847,-129.61584,-70.70829,30.309444
174,363.62936,-56.44315,-143.12091,-71.440445,56.418064
175,400.27866,-67.42031,-146.76984,-74.68477,90.997604
176,426.40454,-54.361526,-125.77781,-71.19061,95.01228
177,404.80875,-0.369524,-127.39597,-77.59182,87.62962
178,382.80518,23.749199,-143.3154,-87.846954,87.04376
179,370.14044,20.921242,-142.41943,-91.44733,72.07863
180,356.9713,26.447384,-146.86227,-101.01242,55.458767
181,351.69568,41.353233,-166.51721,-99.507225,62.34608
182,308.53464,93.991714,-163.04614,-79.600044,69.35875
183,247.68002,135.3885,-139.05359,-71.825615,48.059357
184,226.72435,123.36119,-121.42655,-77.84255,20.67622
185,207.07367,127.6143,-108.556114,-68.06043,43.40556
186,166.67854,165.12366,-87.954384,-37.98264,84.56271
187,125.73383,200.15584,-47.706688,-11.885733,80.36528
188,109.0177,217.88371,-12.188263,9.887687,74.15947
189,107.509705,228.82689,-13.67379,39.345024,100.592224
190,73.186295,246.47528,-21.392021,41.085823,106.33664
191,49.569412,244.9037,-23.400032,17.562607,84.80261
192,87.7708,229.11974,-45.120888,4.639535,89.34479
193,89.808975,240.8087,-55.89231,-6.057186,103.75726
194,-2.3866425,274.91095,-35.521324,-17.362526,72.19023
195,-83.61432,294.09137,-17.748955,-23.26728,40.49115
196,-100.83084,313.67053,-23.767593,-16.336937,61.850246
197,-139.70135,354.86395,-27.873787,7.557681,79.90871
198,-185.9704,386.05585,-25.039253,17.68253,63.905552
199,-193.7044,388.76404,-31.01461,9.983722,46.63251
200,-227.8269,379.34216,-31.434036,5.898883,35.89018
201,-269.35092,381.58243,-47.49643,8.433017,35.694756
202,-272.54407,384.24237,-82.01205,16.539146,45.046307
203,-296.1579,374.9721,-95.95138,24.779675,50.437157
204,-343.75183,376.48538,-93.68862,36.699604,64.5798
205,-381.06775,391.06464,-57.353355,55.26318,72.99687
206,-406.28418,387.83347,2.2372437,80.56682,61.116467
207,-411.55035,372.71448,19.981964,98.28544,59.721287
208,-415.3341,385.0389,34.2779,91.54616,59.38683
209,-436.61713,376.89008,54.99149,79.415405,45.188858
210,-459.50507,341.21844,45.7424,74.410934,49.42386
211,-474.48737,344.76047,51.480423,66.77303,53.22617
212,-478.4654,340.7328,77.329216,65.37751,31.820518
213,-488.66016,307.9355,80.1865,61.566036,32.356754
214,-493.93445,299.9196,55.631355,30.861877,61.461254
215,-475.04047,301.43597,33.557648,20.018906,59.956615
216,-476.4925,286.03766,54.90684,57.314777,44.581944
217,-477.20044,252.55675,74.710495,84.82378,57.68218
218,-448.78192,223.2145,37.376488,90.00498,48.42166
219,-451.9859,216.72089,9.056915,97.88395,8.590357
220,-482.93427,203.65904,11.027138,106.98714,3.212222
221,-497.93982,163.44165,-4.3000946,115.56642,5.122263
222,-521.2404,135.20267,-23.473412,113.12369,-1.109313
223,-555.73755,159.8429,-22.00898,109.222244,6.615635
224,-580.8616,183.88724,-7.938095,119.57504,9.733486
225,-622.6828,152.38606,25.904129,113.98616,12.145863
226,-663.35126,123.30011,65.8614,100.50187,11.3578415
227,-673.1643,156.58025,69.37759,114.61043,28.000946
228,-683.527,201.8699,62.616356,127.819565,58.601254
229,-703.0669,217.68097,95.503426,120.78879,38.44434
230,-678.33435,241.27354,110.756226,105.20499,14.406212
231,-601.1255,295.5578,90.183334,99.77418,38.891193
232,-521.71576,342.19125,87.062164,102.19671,44.497723
233,-476.99335,338.88974,99.350464,101.40153,42.32216
234,-436.1781,314.55005,108.332275,97.19812,64.36473
235,-363.84998,338.73444,85.0189,85.43664,73.80725
236,-276.88837,391.0534,59.38724,75.09925,74.01788
237,-200.07281,377.97897,75.15621,75.991844,91.34747
238,-144.71484,299.67627,81.81077,57.00201,108.33009
239,-129.81332,235.58365,70.24304,15.37449,98.66443
240,-143.15396,189.15057,47.868267,-7.038432,73.41098
241,-154.04306,121.14812,3.500534,-7.3999186,58.13294
242,-188.16986,62.361065,-19.210213,-3.5221243,46.589302
243,-278.2887,60.708393,-4.162483,2.7832365,14.630711
244,-394.14954,61.178997,11.335098,9.798533,-6.8589687
245,-513.538,40.061592,15.224693,32.376957,-0.9940834
246,-617.9712,29.276531,19.177498,61.162724,-9.409842
247,-696.8159,9.233909,6.4123306,73.8076,-26.593758
248,-753.211,-4.4210043,-28.44445,89.93753,-16.977102
249,-784.9143,21.748833,-43.481194,96.83368,1.0987663
250,-783.245,35.024227,-20.880463,81.324844,12.817429
251,-754.5394,19.526493,-10.853691,78.47216,19.337282
252,-715.27325,-6.2293234,-28.93229,74.56614,4.815115
253,-668.65643,-35.18243,-28.088646,64.365814,-8.479493
254,-606.07434,-43.307896,-0.70163727,84.59061,9.916027
255,-542.55273,-55.728104,-2.8091965,101.11096,42.359863
256,-471.32074,-99.068214,-29.05439,83.6295,72.67952
257,-385.65784,-132.74083,-28.973442,73.11745,89.01544
258,-306.97314,-143.47534,-21.436142,74.93238,93.159454
259,-233.126,-135.26508,-39.199883,76.00749,124.88396
260,-164.85083,-107.19874,-48.29419,84.694565,153.91443
261,-90.29779,-96.63584,-55.216606,73.73528,147.18208
262,3.5247803,-110.34391,-85.03031,46.976482,143.55214
263,78.516525,-122.31476,-115.42304,42.255035,147.15785
264,137.32181,-130.41309,-125.6863,42.047134,135.86722
265,194.54506,-121.4875,-139.56168,24.70264,122.823
266,226.07407,-119.06536,-152.2425,5.345504,120.012955
267,230.58119,-148.76631,-125.79009,-2.5762177,116.95874
268,241.38445,-167.93904,-108.37531,-10.202634,97.93004
269,258.22333,-159.0252,-141.28519,-40.39572,82.14906
270,273.70078,-162.4011,-153.34518,-64.77432,102.83661
271,293.22827,-163.41354,-131.956,-42.956795,134.50476
272,282.86267,-119.418915,-121.42025,-17.687157,124.29277
273,269.90002,-75.36913,-143.42804,-19.19076,88.69556
274,290.9,-76.85492,-156.17154,-14.433117,74.33444
275,272.3418,-68.51545,-128.73837,-8.420616,75.60187
276,197.88104,-17.619339,-106.1699,-13.876659,65.392105
277,146.26215,27.384464,-98.80338,-6.612195,72.22858
278,128.29013,31.639042,-94.48748,1.7829008,92.301636
279,95.92456,28.232891,-92.749916,-19.766994,68.18239
280,40.98523,42.56228,-78.70539,-53.54411,33.992546
281,-16.520996,64.623276,-52.26351,-50.820797,23.581448
282,-69.13562,96.925995,-39.650078,-24.89576,13.811428
283,-112.95352,123.46068,-27.957916,-26.332718,16.487183
284,-124.49066,134.80779,-18.165268,-31.97631,39.91513
285,-137.77429,166.67921,-25.007347,-8.46001,64.109085
286,-177.12976,210.85052,-7.222145,10.782714,57.25938
287,-199.21594,241.58353,37.37298,23.290085,42.582447
288,-230.88922,277.64102,52.876278,47.50928,53.1088
289,-279.53845,308.96658,33.710777,52.42194,45.824196
290,-302.46118,321.62726,18.97153,43.258183,24.118382
291,-352.78473,350.59787,49.9031,50.99068,24.480148
292,-416.0714,396.64655,81.89527,49.66744,31.564503
293,-441.73108,420.49567,52.826027,22.286839,27.782375
294,-489.12805,427.14902,17.005505,3.8769865,8.701881
295,-548.50635,442.8925,29.804855,15.8548765,2.8578167
296,-570.8573,467.4871,70.43605,32.17913,2.109829
297,-543.6124,466.0023,64.61315,31.418,-14.511529
298,-493.92212,432.91156,10.710335,30.644451,1.8708267
299,-476.2055,406.154,3.1992874,25.298157,29.294342
300,-451.93005,383.5813,38.698917,18.51572,9.132137
301,-434.37158,366.87042,44.567837,32.38849,-4.5144243
302,-473.46075,365.98633,27.886604,35.061123,14.523987
303,-490.761,353.4084,34.766846,33.118668,23.420704
304,-481.04114,341.58704,59.242897,67.66711,29.53571
305,-498.9945,338.87924,62.08612,87.86612,33.351322
306,-532.9146,348.50388,81.779884,78.9789,21.755646
307,-558.7028,380.0984,127.240234,95.37549,35.485916
308,-551.0446,374.30588,123.62775,108.92268,56.910915
309,-559.0159,334.85022,115.72664,88.58971,53.167446
310,-608.00836,339.60486,153.84607,80.411934,55.33827
311,-625.6969,360.90158,177.03484,99.35272,62.16933
312,-603.6692,332.9752,167.44733,112.22321,67.61203
313,-601.7583,311.21277,145.7533,115.83087,89.53024
314,-633.1116,327.0853,113.107994,115.95586,97.44983
315,-670.7094,313.60034,101.36134,105.33193,86.85149
316,-695.8762,275.27405,132.09555,85.44882,85.186584
317,-734.2294,281.6684,159.33276,84.08242,81.67735
318,-775.6945,312.83264,150.5886,104.156685,72.32344
319,-784.1981,310.1342,123.21092,98.55288,63.044727
320,-758.5772,271.45752,95.33661,62.640675,45.092667
321,-688.10974,250.6013,73.42355,46.388058,21.181355
322,-591.59454,274.8374,46.55922,43.521,9.846962
323,-495.4674,301.36966,-6.6701813,32.786808,8.685812
324,-422.21625,317.46786,-33.25438,34.506855,30.258083
325,-390.64307,336.31354,-7.684181,41.003204,51.335762
326,-327.71576,349.26514,10.515823,41.843525,41.967598
327,-211.45288,369.64212,-3.271019,52.177334,69.9288
328,-140.71542,381.7108,5.018692,66.18907,114.338684
329,-109.13376,342.30496,51.54068,77.750244,100.050766
330,-57.554565,285.80453,66.4893,87.93907,87.17285
331,-34.276245,242.60066,8.499985,82.74154,103.0744
332,-64.031586,193.33398,-57.442375,70.19648,105.3358
333,-120.08862,183.92441,-73.86367,65.29726,84.97188
334,-190.91821,220.18718,-62.344032,60.639874,62.80946
335,-265.50876,232.48413,-62.57972,62.931355,49.050034
336,-361.87476,223.79756,-53.858315,59.139095,37.27274
337,-477.93,217.2133,-25.755371,32.246895,25.625877
338,-567.0062,200.4882,-8.780846,27.782185,1.7814665
339,-621.2715,178.00769,-11.430527,47.403736,-18.659847
340,-645.27167,153.81763,-21.169525,53.009144,-1.8445129
341,-655.79285,140.67479,-19.224968,66.820404,24.528744
342,-661.34814,132.97668,-7.9051666,79.848755,26.701492
343,-623.577,90.23544,-10.637184,64.76888,24.484531
344,-545.6102,28.013836,-50.57679,56.48936,44.383568
345,-477.08844,-14.360442,-105.11225,61.389492,63.5003
346,-426.85278,-53.374763,-117.971504,58.926853,59.433018
347,-358.5271,-93.456,-112.13122,54.99265,68.04349
348,-250.29245,-119.66198,-134.4819,47.819073,95.53192
349,-144.31647,-132.48497,-156.95847,29.797913,107.336426
350,-96.55478,-132.56288,-150.11664,25.15063,127.49835
351,-72.13208,-134.39911,-138.31558,38.300034,167.17892
352,-17.5654,-132.88068,-136.92865,33.753,161.78676
353,39.03653,-107.05878,-132.17487,18.776554,119.73567
354,86.86438,-90.13591,-145.44601,4.169877,127.35187
355,118.24348,-78.67189,-130.36102,-5.178954,164.31485
356,124.14949,-55.760204,-59.039284,-1.8778648,164.33533
357,133.62637,-51.06919,-44.964928,-16.902845,148.06769
358,170.83331,-55.968933,-95.98501,-44.718845,160.71167
359,213.26831,-57.231503,-102.25231,-59.75843,176.77266
360,233.96991,-64.83495,-76.92725,-71.37657,152.73639
361,251.64102,-70.19932,-69.851585,-75.44725,120.404236
362,282.1157,-59.815018,-74.79989,-72.30144,115.24953
363,288.81595,-44.164,-81.70666,-79.3746,103.61929
364,258.35458,-21.764282,-66.563225,-78.99365,82.73096
365,236.25279,19.28992,-49.363014,-72.33204,81.68829
366,256.81686,59.650913,-61.341682,-83.55782,82.39397
367,268.70917,78.12485,-86.705345,-95.41055,61.606503
368,243.71935,79.21001,-100.788414,-82.94543,32.643005
369,223.45807,98.3573,-102.271,-50.209904,28.820019
370,192.71689,146.91266,-88.11834,-21.411213,40.235237
371,132.5824,189.5293,-61.066063,-21.48006,45.49546
372,99.90662,185.80557,-39.11624,-26.737858,44.284355
373,85.02168,170.34134,-28.025566,-21.734861,43.771484
374,43.298706,192.86235,-34.279167,-31.939453,56.955807
375,-9.075119,235.94078,-51.970192,-43.842445,79.55191
376,-55.42459,254.84026,-59.610023,-37.6376,80.73959
377,-115.67151,259.82596,-62.42759,-28.171806,63.99744
378,-190.09473,275.75623,-49.432365,-9.730054,67.2984
379,-267.00296,314.26224,-10.023201,9.99005,69.74603
380,-313.2019,367.73026,-4.066902,11.997869,56.03928
381,-324.87463,407.14148,-32.182854,14.800115,46.66169
382,-358.4348,425.89822,-21.914948,25.419197,39.40752
383,-399.27448,414.63687,-1.7724304,21.861732,42.515614
384,-407.6469,407.66992,-19.487701,12.709903,68.15787
385,-433.66565,444.80405,-11.283676,4.233121,62.18633
386,-486.83655,460.30228,55.566917,-6.5659533,18.748074
387,-506.36475,453.01474,93.19848,8.469821,6.628275
388,-498.51953,479.7942,75.70779,38.097336,30.531708
389,-484.2296,489.2058,60.712303,35.17546,52.240543
390,-456.5835,459.98242,50.092854,15.590369,43.212036
391,-450.13422,442.246,34.83724,8.290389,16.202816
392,-469.5345,452.25916,47.701996,12.772277,15.730415
393,-476.1062,475.93036,73.586136,24.207748,34.31528
394,-474.83997,486.7774,80.86117,25.610374,41.39024
395,-467.34467,469.2949,66.10653,21.151493,49.12098
396,-451.06287,450.23254,41.363834,32.254528,60.165783
397,-455.53772,439.4003,28.907093,42.092567,44.37455
398,-460.8532,407.20807,17.941135,36.573605,10.441473
399,-439.401,356.56174,0.22012329,31.91858,17.684807
400,-422.98578,325.24997,11.554939,35.267048,68.646484
401,-429.28754,323.50165,48.06846,31.697361,89.05318
402,-461.0705,316.97598,66.21265,5.8659563,58.543743
403,-511.15955,293.64374,76.275604,-10.393982,25.406643
404,-544.39374,287.01678,102.417786,21.091965,20.477146
405,-568.0999,300.61285,121.74121,53.478848,39.26794
406,-611.322,308.08234,115.12347,41.46832,50.37321
407,-642.6064,306.7903,104.966576,35.008938,26.722084
408,-625.9322,285.94098,98.826065,51.559834,2.9642696
409,-586.07367,238.4963,68.03194,41.369633,7.9329605
410,-574.73865,208.336,49.916435,18.529549,7.2608337
411,-583.6297,214.1269,62.55778,14.356803,-8.338624
412,-573.9663,203.0484,52.28344,7.454772,-1.3411627
413,-552.1504,169.0007,24.015278,-4.0424385,16.058247
414,-541.62146,151.2972,5.8152237,-5.965024,-0.1091423
415,-556.9431,169.02452,14.982315,12.432265,-6.3664265
416,-576.4298,242.5126,71.52493,47.129333,6.8332653
417,-551.54016,332.82904,89.913,52.66094,4.96249
418,-468.3448,360.71555,33.56963,15.205411,8.322948
419,-335.0481,304.59607,-26.13224,-11.449862,6.5740356
420,-213.61765,244.77586,-54.391518,-1.682559,-10.842517
421,-143.1181,262.8659,-37.68612,10.437915,-11.835103
422,-69.71631,325.13583,-9.273628,-0.21320724,-5.187171
423,29.21605,327.8591,-10.297653,-10.74508,9.008228
424,84.04784,272.14493,6.700989,-7.042609,28.683605
425,69.62869,221.3755,64.426,-9.814909,33.01588
426,12.450012,182.72649,98.259346,-29.704472,47.00839
427,-88.31329,168.16998,83.712204,-51.945255,55.265408
428,-187.48969,170.40698,60.38172,-57.283653,31.321941
429,-278.47156,150.69777,49.569344,-56.093094,15.19252
430,-404.1349,129.12892,53.783306,-66.29819,7.3662186
431,-530.29254,132.14313,43.359978,-68.891014,-10.388576
432,-600.5999,119.63556,7.4637985,-38.17267,-28.532684
433,-642.17413,90.106575,-15.986099,-6.09035,-44.63425
434,-687.2398,92.021164,-26.178123,-3.289566,-56.32307
435,-682.836,102.29354,-46.90049,-4.8174086,-67.826935
436,-636.43414,86.86484,-70.93966,7.8354025,-56.189274
437,-607.7244,82.885895,-82.408104,22.987011,-9.244024
438,-559.8408,103.921745,-72.87165,42.857403,12.422295
439,-470.37543,106.112946,-75.835884,58.65833,-2.529048
440,-367.7276,86.22153,-115.65147,58.46475,20.178562
441,-256.5113,88.28016,-150.35269,54.207027,84.25421
442,-150.0155,96.61369,-166.73007,49.643597,98.3539
443,-37.892426,62.340816,-193.4686,37.936863,67.45976
444,59.849625,9.336844,-204.12946,19.632946,60.096455
445,108.14836,-8.234287,-192.86938,9.841123,59.98776
446,146.78372,-5.6963663,-203.02048,-3.1103163,47.780224
447,199.02826,-19.44934,-216.19858,-34.908997,52.345623
448,246.53189,-50.78688,-221.659,-55.802788,63.581646
449,288.18982,-75.14671,-233.47247,-55.30467,50.834484
450,317.09573,-77.68738,-233.79837,-65.97307,33.12872
451,351.42526,-84.19906,-234.60742,-91.98212,26.040546
452,416.05447,-114.70694,-254.25119,-122.318634,18.828617
453,460.84705,-138.58495,-264.8666,-149.89835,35.326782
454,434.6876,-117.89711,-254.84665,-162.19794,48.709454
455,395.77188,-85.58491,-241.70651,-159.55821,31.637787
456,400.52014,-79.382866,-246.3027,-154.68442,26.787598
457,406.1775,-62.768116,-248.9114,-150.54593,24.698322
458,386.02087,-21.557903,-222.92609,-149.43024,1.3303204
459,371.46542,4.9434824,-203.28424,-147.86613,3.7541313
460,362.90936,29.619633,-204.09995,-144.91725,23.157627
461,333.64154,89.98451,-175.24814,-137.11432,17.076647
462,297.31052,155.4094,-128.96484,-126.325554,12.663471
463,284.97952,193.64688,-124.05755,-131.33507,23.238525
464,239.77515,230.8016,-111.23365,-138.52827,5.6979218
465,139.79144,280.70023,-62.1397,-116.551155,-21.301079
466,69.53104,316.30075,-31.079842,-101.52406,-19.154049
467,49.14662,318.0056,-8.504845,-117.62044,1.0968246
468,15.039841,319.6302,10.666122,-122.683945,5.552944
469,-35.51129,356.69498,-14.33448,-120.566376,-2.0786695
470,-73.59943,402.32846,-43.90452,-138.9166,-5.671591
471,-102.68997,420.15567,-17.148773,-134.35715,-29.191496
472,-134.5552,429.56082,5.9340286,-99.67754,-55.377037
473,-183.69446,455.2422,-11.379768,-73.33821,-31.402122
474,-249.98944,492.778,-3.560234,-60.900986,4.235483
475,-312.47827,527.963,38.574654,-51.04449,15.622971
476,-361.44537,546.63513,53.88127,-39.77732,14.738726
477,-407.63855,550.71826,40.679047,-41.163666,4.257723
478,-424.6255,544.95496,26.773136,-59.616467,4.608444
479,-413.95807,536.0646,-0.97830963,-63.779076,18.258602
480,-414.4248,526.18866,-30.018578,-53.349155,16.019869
481,-415.03046,518.42365,-44.732376,-79.39109,4.8266697
482,-410.25598,509.07944,-67.07685,-111.37671,8.894409
483,-427.4867,498.20407,-90.28704,-107.9833,10.745018
484,-462.47278,500.99643,-81.27769,-103.46189,0.37333393
485,-484.08795,496.03925,-61.6211,-120.35462,-2.277481
486,-474.41162,484.2048,-75.06217,-128.71399,5.0224113
487,-464.08112,482.69046,-103.43064,-125.99733,10.508087
488,-473.85834,466.9645,-102.9647,-127.850494,8.397644
489,-472.4964,441.1544,-85.53356,-128.61282,-4.3862677
490,-452.0016,441.2112,-82.42194,-132.40547,-21.192907
491,-447.91937,438.66354,-87.50393,-134.77274,-33.21059
492,-472.40924,410.9263,-81.10073,-131.6505,-28.556017
493,-493.8905,390.882,-80.10868,-138.92502,-13.117885
494,-519.9266,388.18268,-84.28687,-144.25783,-18.819046
495,-563.80396,370.50546,-57.18882,-139.80817,-35.624687
496,-587.08813,340.30124,-32.299965,-130.56497,-37.550137
497,-578.388,336.0388,-38.713448,-106.416595,-32.163563
498,-590.80634,333.39948,-38.093674,-87.814125,-37.186928
499,-631.424,305.4463,-36.90126,-92.38721,-48.190483
500,-655.48517,300.04117,-40.514046,-101.03679,-48.632732
501,-659.69104,311.23114,-26.590553,-107.004585,-44.33985
502,-676.3478,301.68265,-26.528069,-110.82887,-48.266457
503,-709.1823,303.37778,-44.784157,-106.95593,-50.732117
504,-720.085,319.30383,-44.795784,-96.56705,-52.482197
505,-695.9602,296.56168,-49.899803,-102.43589,-55.27051
506,-662.20074,241.58527,-69.44529,-123.19902,-48.814365
507,-635.72797,214.48595,-68.74665,-121.769005,-23.66444
508,-618.7106,208.73839,-59.624214,-102.227425,9.9062805
509,-596.38403,183.39195,-72.711525,-94.40745,38.66504
510,-591.48883,159.76228,-79.996284,-87.08666,55.824818
511,-594.84625,160.82204,-61.284935,-78.5255,37.995342
512,-558.0486,156.66597,-80.02744,-86.29775,-1.8766775
513,-532.2661,146.85728,-126.478676,-102.18852,-18.79715
514,-537.6449,151.28346,-119.74334,-104.41527,-25.116962
515,-518.8821,136.65706,-94.7956,-105.06162,-40.497887
516,-523.6093,95.17833,-84.01264,-118.22225,-39.79886
517,-536.2572,70.20679,-69.458916,-118.23258,-22.319862
518,-523.53876,79.95746,-48.76774,-100.34435,-5.409325
519,-531.48303,88.0453,-43.48391,-101.60536,1.7028179
520,-517.62823,69.94953,-73.98771,-112.51604,11.104174
521,-474.5902,54.548206,-107.73254,-102.7125,40.03015
522,-480.52698,58.90716,-100.86947,-81.97634,57.31238
523,-504.65155,73.54593,-78.66134,-68.39757,32.537636
524,-505.5136,78.76431,-72.60009,-59.35084,4.5246277
525,-498.4303,50.789288,-88.055916,-61.444386,-9.884783
526,-488.33795,8.108508,-99.730446,-68.94607,-31.49064
527,-498.93817,-18.97116,-67.00655,-50.489227,-50.337337
528,-506.224,-33.77353,-48.876274,-32.74953,-51.237225
529,-473.7859,-29.891155,-102.47707,-55.335094,-33.55877
530,-446.07233,-16.860065,-150.25128,-68.11014,-8.403432
531,-433.03528,-24.486477,-138.32617,-55.107174,-9.081292
532,-393.64923,-35.102974,-125.02183,-54.240067,-32.587555
533,-361.213,-31.950378,-126.65342,-41.913864,-44.237766
534,-367.26947,-15.131387,-118.22834,-30.874214,-62.553997
535,-344.90784,-2.6321077,-127.09437,-45.278976,-64.07457
536,-282.27124,-9.408099,-155.43073,-42.909645,-30.098703
537,-245.92755,-24.258965,-170.67673,-39.908855,-22.217503
538,-224.87256,-24.85397,-176.64114,-63.766953,-34.737297
539,-181.70331,-16.151855,-176.1163,-72.49475,-30.11358
540,-160.78247,11.182954,-149.77563,-71.47196,-25.291355
541,-171.71118,53.971706,-129.47964,-90.29286,-35.99053
542,-146.66443,65.11173,-126.65455,-94.74517,-46.224266
543,-75.144165,34.455437,-124.40502,-99.17893,-42.05654
544,-17.507355,14.424743,-138.0416,-136.9799,-50.902443
545,12.052368,11.987136,-150.72144,-157.54723,-71.82745
546,30.543945,8.042129,-112.08718,-133.48293,-60.35527
547,33.93068,20.9688,-68.35078,-104.42096,-32.35945
548,30.782974,52.12504,-64.354744,-98.88419,-24.392353
549,55.168762,74.84822,-69.52769,-115.954384,-19.5534
550,90.175156,97.79947,-65.01119,-125.01171,-26.413208
551,95.59758,113.59341,-69.13793,-118.47307,-47.251865
552,80.65004,119.36062,-75.92681,-120.58123,-26.599468
553,77.469574,146.14326,-52.591606,-120.27717,10.105259
554,108.00743,174.34895,-38.026253,-109.18574,-1.7929125
555,166.43536,161.51904,-59.915154,-106.17134,-23.44414
556,199.76242,141.16107,-44.07058,-103.25218,-18.561796
557,198.67033,135.8416,-9.180191,-87.874825,-12.136328
558,210.20114,125.36354,-28.623795,-78.53033,-15.941376
559,232.22038,122.36786,-52.49357,-84.80394,-32.181095
560,239.9139,127.64496,-50.210594,-102.37966,-47.2042
561,250.86609,118.79372,-53.128273,-119.07317,-41.030384
562,258.8487,108.905,-59.337395,-113.30996,-35.120758
563,238.18027,99.699684,-34.276566,-102.64849,-58.913715
564,210.49812,100.12705,10.30381,-110.339066,-90.002014
565,208.89862,109.28322,11.971458,-114.0156,-101.05936
566,203.0678,120.96066,-11.436523,-111.23012,-100.41594
567,188.78435,149.63194,-9.30452,-121.8392,-115.83212
568,215.59282,160.44547,-2.2353745,-132.6066,-140.35077
569,264.13153,136.81631,-9.117813,-125.10652,-134.20044
570,271.182,131.58261,-4.1130447,-112.15015,-119.4176
571,233.55519,148.162,22.099918,-99.882774,-110.331955
572,207.79163,140.79623,44.694622,-87.563614,-99.93515
573,217.15799,124.41867,38.450153,-88.246,-108.35661
574,234.94499,130.76947,-4.0011826,-102.1704,-125.1803
575,247.54596,124.619095,-47.813667,-104.33239,-110.78003
576,244.16066,95.480705,-31.045258,-88.105515,-81.99457
577,240.8701,85.7281,10.858711,-76.41301,-64.953064
578,270.3433,80.66173,23.374252,-84.59057,-66.72011
579,314.23004,64.87721,11.365326,-95.06124,-74.45886
580,335.9192,69.4145,1.9365692,-87.34745,-69.12808
581,333.01227,87.33455,24.18053,-69.37272,-64.67403
582,326.46265,92.31105,45.376175,-71.57837,-76.256516
583,353.91052,92.63194,-1.5297775,-98.80662,-90.75992
584,421.4378,93.8589,-59.80062,-108.19368,-85.73308
585,459.53058,87.97456,-46.945602,-82.338936,-74.85178
586,435.12122,87.56541,-13.703506,-66.14873,-73.69493
587,419.13586,111.163895,-30.064934,-66.15783,-70.98224
588,435.72995,139.07083,-41.185944,-54.43578,-70.18663
589,431.5197,138.02165,-28.64656,-56.20529,-83.333405
590,416.7652,130.94247,-51.912514,-72.256874,-98.72441
591,451.88116,137.9003,-80.39161,-66.208046,-90.45909
592,515.4252,126.57497,-70.90438,-53.249763,-75.97455
593,544.9261,101.06177,-47.983612,-36.954273,-82.77771
594,545.2783,90.05748,-28.319656,-20.276905,-91.87851
595,556.2442,80.81064,-28.859688,-27.983803,-84.60394
596,557.00574,80.11772,-32.296494,-32.224735,-86.23476
597,541.6975,93.13115,-3.0647888,-24.110828,-91.12045
598,526.9342,92.35303,18.23951,-19.845407,-66.32842
599,495.78162,78.691246,22.4169,-10.012661,-40.67562
600,486.08203,60.878223,43.29274,-8.438074,-36.754044
601,523.68384,48.182617,49.828575,-15.567986,-25.587095
602,545.916,52.53281,28.79359,-4.2865725,-13.055073
603,556.9573,46.061394,11.994324,14.204587,-28.564499
604,579.97205,32.58103,-1.2127075,22.005371,-31.636402
605,600.0041,14.800836,-16.804321,17.75177,-0.96427536
606,588.42664,7.4438972,-9.500992,16.42223,7.555828
607,554.5044,40.36314,15.969711,25.884659,1.3076067
608,547.5426,71.892136,15.412468,31.37503,-1.7995911
609,581.8437,60.016605,-0.32112885,20.968182,-20.709806
610,593.99634,54.896862,2.89991,6.03316,-26.592041
611,570.4636,68.831215,16.164654,9.656793,-29.487494
612,558.26794,65.81301,22.240108,18.494396,-54.28935
613,569.71954,43.685894,34.717495,3.821494,-68.71484
614,580.88824,21.155815,46.381886,-10.649282,-68.93814
615,598.89557,4.865077,29.426949,-3.1780567,-57.460266
616,627.3966,-10.972463,6.8366623,11.467355,-49.267372
617,615.5294,-10.266311,10.042625,14.358228,-53.53473
618,586.66235,-0.5084915,6.7971115,-2.4863167,-40.43094
619,597.9847,-6.031147,-15.191818,-8.155449,-11.114035
620,615.3943,-26.391632,-16.562553,3.3907175,1.1026363
621,596.1011,-26.52715,0.0525589,0.26545238,-15.98468
622,573.35626,0.03387785,10.231644,-9.126774,-44.130753
623,554.14246,21.210594,4.7848816,-6.5347586,-62.50645
624,534.31836,24.518646,2.854515,9.455916,-73.39221
625,540.9878,11.840758,24.052578,35.4646,-61.85204
626,553.3348,-8.690852,48.84504,38.429398,-57.066174
627,564.9219,-23.227535,35.284843,17.635204,-71.813095
628,607.65576,-41.281418,-7.148796,5.4032393,-56.153446
629,654.8897,-65.48299,-29.944725,-2.410016,-42.148895
630,672.1852,-73.60763,-33.08731,2.5630198,-67.471954
631,657.6277,-59.93774,-45.825058,31.728699,-72.44631
632,631.6574,-44.16307,-47.94172,56.76858,-54.12473
633,641.8756,-64.84569,-39.667465,58.476048,-54.630524
634,661.4584,-110.3544,-59.392494,50.94145,-57.20616
635,658.6053,-132.67256,-86.2918,48.671062,-52.2444
636,669.1934,-134.30438,-90.426765,44.91498,-42.79121
637,679.4733,-125.21882,-100.31855,33.26607,-18.822468
638,664.45996,-102.79151,-117.71703,14.702752,-19.633171
639,667.19995,-104.44369,-92.01093,-2.4721127,-54.065205
640,668.54285,-115.53524,-44.806084,3.3180685,-59.118362
641,639.3069,-99.2912,-23.138527,21.91875,-44.52443
642,644.9094,-113.319756,-16.048042,15.6568575,-52.35946
643,656.56323,-148.8625,4.7390747,2.3989325,-54.534542
644,615.5757,-127.34313,22.404995,14.071799,-35.422184
645,579.567,-73.2944,18.444084,20.889175,-22.86559
646,580.5678,-62.66152,18.35344,20.926773,-31.417946
647,579.86725,-78.56434,19.521698,46.922253,-46.186825
648,550.2237,-56.76413,8.337364,84.10835,-33.877174
649,511.8652,-20.006817,5.9117813,107.846,-0.6428642
650,541.6335,-38.49337,-8.278244,112.55052,12.318108
651,590.52405,-79.37881,-23.8303,92.42139,-7.198102
652,594.3044,-93.34639,-11.02626,68.71598,-25.76462
653,617.61755,-114.96724,-17.347412,60.8393,-21.713564
654,642.3929,-129.33319,-30.504799,62.24458,-20.846405
655,619.61707,-106.57477,-13.2165985,73.37722,-40.560234
656,587.8052,-102.7597,-5.8393097,76.73044,-62.46969
657,564.1107,-132.96051,-15.378151,61.850178,-58.387497
658,563.43506,-150.01093,-27.834717,55.202587,-34.566757
659,590.9302,-153.53894,-49.99996,66.9988,-22.41804
660,599.7943,-140.55789,-51.403297,69.434616,-33.465134
661,592.16394,-124.67168,-38.805824,58.134594,-36.849552
662,585.7064,-116.58873,-26.83123,70.21932,-14.299812
663,568.956,-85.986725,-3.6998138,96.32143,-7.9799514
664,555.21826,-62.17532,25.396057,105.17642,-27.588226
665,549.2039,-69.99282,44.38445,104.87408,-25.035542
666,532.0566,-60.619343,48.66252,118.42938,-3.14392
667,499.6693,-41.531418,36.281197,125.87157,4.638962
668,474.30157,-38.389942,38.30637,117.152695,1.4959993
669,470.04333,-34.2898,55.116096,122.99379,-12.99861
670,477.99612,-29.464733,33.03599,124.4162,-22.718117
671,470.86774,-29.195896,1.4525604,96.92136,-13.20074
672,451.1914,-32.885685,13.552872,75.70594,-26.108562
673,447.74512,-46.55993,24.581036,72.33957,-54.875477
674,440.39594,-50.412357,18.267311,79.50507,-56.473534
675,418.18182,-37.678005,29.182125,95.21746,-54.740677
676,416.3919,-32.409073,35.581894,96.709175,-54.528843
677,424.19763,-36.792484,40.89396,90.52314,-33.635803
678,443.6313,-59.1557,60.451164,101.242035,-26.595013
679,463.09924,-82.44715,54.398167,131.10493,-45.266388
680,442.91248,-76.596176,37.80866,146.2108,-48.94527
681,440.03366,-78.12755,43.65355,127.66794,-32.40026
682,480.41083,-96.68528,28.297516,100.77577,-7.1092052
683,491.14453,-90.79221,-10.29335,92.054825,14.219545
684,465.7946,-82.330086,-23.36303,95.70338,8.833082
685,461.365,-102.48177,-8.171928,97.56882,1.042182
686,478.6546,-112.072754,4.8456345,101.787735,5.660429
687,476.65152,-98.24659,20.76284,114.93512,-2.791112
688,470.26263,-89.9648,41.78033,135.73227,-10.792315
689,476.75262,-87.278885,38.007057,135.11577,-21.026989
690,472.39438,-81.42515,20.94622,102.360115,-41.789627
691,459.3249,-95.73499,15.516243,70.895355,-43.854015
692,458.62634,-105.187294,14.636696,56.802395,-51.43736
693,458.63812,-78.84398,24.055958,62.03729,-87.78325
694,471.48383,-73.48911,21.466988,71.90544,-107.33598
695,502.3146,-103.515305,-1.5122681,63.979633,-97.09886
696,496.09167,-106.46799,9.079315,75.76322,-86.754776
697,444.79755,-83.692894,39.110184,102.2295,-100.76665
698,418.8346,-73.07167,39.3761,86.2617,-109.02823
699,406.06403,-74.24541,41.41109,61.173626,-67.81581
700,385.69666,-79.111855,47.913464,70.0385,-26.383114
701,389.43304,-83.02859,27.404648,79.2901,-34.003143
702,402.0442,-79.83455,10.677086,76.367615,-39.240295
703,399.1405,-76.769516,16.61258,76.43844,-18.801651
704,401.5162,-80.69009,27.119602,72.87166,-12.91615
705,416.752,-83.26155,39.72432,58.869884,-24.992014
706,431.4713,-79.226265,30.939804,44.19968,-25.36805
707,462.01526,-86.16131,0.030799866,49.576954,-6.5516076
708,501.84344,-101.21441,-6.365837,73.613434,0.21805
709,522.98914,-117.92513,8.890373,77.59076,-2.6882887
710,519.0613,-137.78763,-12.560509,53.40215,5.9999638
711,497.85443,-132.784,-35.333977,43.03743,3.2868986
712,481.94733,-116.06221,-15.722046,55.363705,-10.523472
713,467.25235,-108.811165,2.8002472,62.802853,-7.655401
714,445.6554,-89.730095,24.292137,70.78015,2.3132162
715,417.6646,-64.08301,42.54988,85.418236,10.706783
716,399.92853,-57.648136,22.011307,88.07746,1.744936
717,396.7644,-74.62465,1.9633026,76.2053,-34.80622
718,398.71246,-98.88285,-1.4386673,78.07576,-53.056503
719,390.28778,-91.9104,-1.6167145,91.76891,-45.351135
720,364.66254,-64.27927,13.906807,94.448975,-44.009705
721,331.4876,-42.996563,34.475056,102.98346,-39.848198
722,315.83725,-44.366356,44.578335,109.361755,-43.646427
723,335.08917,-69.05762,39.90446,76.19564,-76.00612
724,359.83307,-76.69822,31.881916,43.583313,-100.07062
725,354.95502,-63.498047,33.788906,49.12882,-90.68555
726,355.34723,-69.0495,26.595997,60.514645,-68.955795
727,408.60825,-102.30285,-6.9912567,58.820194,-39.842403
728,472.5027,-120.4268,-27.362068,66.7971,-1.6203365
729,470.1708,-93.06211,-22.323433,83.962395,8.611374
730,441.09332,-69.97538,-30.864418,74.32288,-6.4711237
731,431.41248,-65.63488,-24.43332,57.83549,-8.509312
732,409.2723,-40.801674,2.350235,67.84234,-17.04022
733,390.17047,-17.321339,4.056862,73.49362,-43.333595
734,383.2168,-33.85046,15.103043,73.62487,-55.408733
735,376.80743,-62.43851,54.09026,90.08509,-64.17047
736,371.79684,-60.369766,76.65794,100.016396,-93.37927
737,334.35117,-32.76454,67.774765,90.23607,-116.58237
738,298.56863,-22.881527,41.86372,65.42286,-113.82727
739,318.36014,-50.084297,17.767277,44.69846,-108.8721
740,323.92163,-85.02427,10.599716,59.794483,-101.99324
741,290.79303,-93.81473,19.154987,81.013916,-67.91937
742,268.10526,-71.28967,34.832508,79.443855,-42.79193
743,265.89648,-64.793945,23.279484,67.32489,-66.00079
744,283.45865,-79.54672,-7.12307,58.385014,-93.5654
745,328.8132,-84.52251,-13.158951,63.423946,-82.88193
746,359.39883,-75.76139,6.8141174,72.368355,-70.2362
747,345.75272,-51.559715,25.728218,65.92048,-69.1764
748,341.08765,-33.459293,29.838875,60.5426,-46.722946
749,351.8898,-40.359085,16.85968,60.957813,-50.600452
750,359.23975,-50.412533,13.702858,59.66634,-85.59039
751,365.7512,-41.277283,27.315456,50.175854,-69.71279
752,346.54047,-14.381863,38.192017,36.82279,-47.897305
753,319.56668,1.3093596,42.09515,23.718857,-78.20532
754,330.96893,-19.54535,43.90287,8.241174,-98.32062
755,337.98663,-28.378922,21.113792,10.235358,-85.14461
756,316.6159,1.3789339,-19.138977,28.554504,-64.98863
757,322.28827,1.6323843,-24.648499,33.054165,-45.143948
758,346.7888,-37.076824,11.232193,42.478386,-28.786808
759,350.94687,-63.99195,47.30179,66.68349,-1.7911253
760,334.19427,-62.291836,78.31287,70.68733,12.276312
761,319.69553,-59.35877,90.03233,56.51079,-26.015133
762,333.0456,-80.90184,57.54972,38.8266,-49.690777
763,328.03726,-79.45661,28.38673,23.282719,-24.974117
764,290.90735,-46.970432,26.516476,25.648216,-23.16999
765,262.39935,-34.45619,35.51079,45.26348,-24.704449
766,242.66872,-33.59282,59.548027,53.30148,-14.395667
767,254.73544,-35.109272,54.227917,58.90424,-14.653209
768,281.67502,-48.246517,26.544868,62.023403,-18.756983
769,281.96338,-39.377827,52.22933,58.711452,-31.333967
770,293.7409,-21.192562,95.77651,73.279884,-52.02196
771,343.64163,-33.686546,71.66825,92.86849,-51.74801
772,370.54236,-52.699173,24.110348,83.209114,-42.94683
773,348.02313,-48.364006,15.827564,59.65993,-47.211964
774,331.6531,-50.806393,8.92617,52.53697,-31.377121
775,328.108,-72.06004,0.7427139,55.760197,-0.5866108
