,Net1_NT1,Net2_NT1,Net3_NT1,Net4_NT1,Net5_NT1
0,221.81732,76.335075,15.42173,-82.82585,-49.483154
1,196.41406,77.75084,12.34333,-84.106415,-63.726208
2,185.8383,59.770863,51.05683,-70.16784,-53.9419
3,212.6085,22.03299,79.69195,-54.46088,-49.219063
4,232.24129,-0.12451935,93.2436,-35.65236,-55.108955
5,225.096,10.841521,103.17234,-12.445208,-40.222176
6,175.19055,37.813194,124.54031,-7.4744654,-11.309013
7,119.6379,56.78088,155.66925,-8.621427,2.8083696
8,136.71292,39.934902,148.57657,-1.5101748,-4.9757705
9,176.1405,2.6750822,123.47559,-3.5374079,3.4798155
10,156.15564,4.9632835,118.952126,-17.052906,19.743828
11,140.41971,33.016518,102.079994,-28.58662,4.3370705
12,190.75012,26.255566,82.56731,-29.792702,-0.5219555
13,247.71083,-23.603016,74.552216,-25.510742,8.535955
14,256.91028,-58.657227,71.93598,-8.360798,6.0146465
15,248.815,-40.20151,99.26727,25.829086,2.185031
16,264.19824,-14.924646,119.378555,30.798546,-23.824009
17,303.44653,-16.871498,89.18927,0.15869713,-46.37566
18,326.98895,-35.84682,62.440983,-8.912956,-27.372093
19,300.61285,-44.289604,79.012024,6.44119,2.3512125
20,275.81775,-31.636547,90.42615,4.0187483,9.567944
21,299.1986,-42.79452,64.91771,-6.796732,12.734684
22,322.0372,-71.692184,54.143143,-6.6253233,20.175327
23,341.58807,-85.674286,47.69323,-2.1408234,18.106127
24,371.9911,-93.581345,9.947052,4.6793146,5.826931
25,365.36603,-80.38519,-7.364807,12.718951,-5.3560987
26,346.3476,-41.149696,4.0774765,21.262905,5.6391983
27,346.43362,-18.358038,10.191002,23.207115,19.846912
28,347.47528,-41.46188,12.548622,12.361379,-0.63611794
29,346.36398,-56.411686,11.93177,8.839818,-11.916809
30,317.50287,-15.046909,15.825886,1.9014578,3.9247437
31,278.30103,28.768768,22.3316,-18.791039,-0.7186899
32,275.90106,31.617886,22.290157,-29.745485,-17.483664
33,301.57837,34.428112,31.20411,-21.758408,-25.524227
34,343.60675,94.50027,35.589687,-3.3837929,-29.808723
35,404.68,213.60178,43.42853,5.1075697,-16.271885
36,483.67947,295.08444,97.136696,-9.43687,2.3720856
37,527.5416,259.36804,151.5079,-13.63484,20.16869
38,476.38995,184.47655,172.5589,17.672516,48.00155
39,392.02722,143.69933,222.34937,65.721306,67.03287
40,371.3388,94.0093,292.79086,88.06875,86.04677
41,398.716,3.9547777,322.78995,72.39443,97.05142
42,409.2943,-113.89456,326.256,47.931057,56.97877
43,363.36176,-267.7223,314.44653,26.076744,19.577915
44,263.551,-511.48203,277.83762,-11.536076,10.221127
45,118.93054,-818.32385,209.9544,-45.06119,-31.18335
46,-136.13113,-1046.3682,130.01599,-62.114998,-79.28102
47,-484.59174,-1182.3419,69.27372,-91.67457,-104.09766
48,-793.7825,-1279.5814,48.37223,-102.58984,-111.68291
49,-1027.5033,-1285.0767,69.83151,-69.85701,-86.74367
50,-1216.2915,-1201.4191,109.0708,-55.091103,-70.58229
51,-1350.4806,-1072.9559,151.94038,-57.997326,-88.68448
52,-1397.1285,-906.982,182.68341,-34.38693,-96.68973
53,-1341.1708,-729.3812,188.1742,-10.899848,-95.73726
54,-1211.0681,-557.121,176.47508,-1.4878912,-92.631165
55,-1047.1458,-383.69193,149.81915,0.35977077,-91.11072
56,-842.00806,-235.94243,120.886024,2.0353136,-87.67619
57,-603.06793,-104.97966,90.61747,28.628803,-55.14961
58,-375.552,27.465572,42.326225,69.17303,-1.626607
59,-178.2876,127.268036,20.556496,112.70067,43.84906
60,2.787613,185.89294,52.603558,136.04213,77.34657
61,156.6578,243.16194,75.77658,129.9448,112.17967
62,278.66788,299.85843,77.24264,131.19588,159.22864
63,397.79712,304.15524,103.037025,136.32951,193.29543
64,513.1926,264.8547,147.83618,129.52425,192.74408
65,596.69763,246.00533,166.64023,123.16351,208.00558
66,671.30774,210.36208,157.7763,97.63347,256.33557
67,753.52576,101.98718,126.219345,38.22832,271.90063
68,801.4347,-4.5924826,109.77531,-3.725463,258.5231
69,823.27936,-58.657207,134.3872,-14.304511,254.95059
70,859.34735,-110.25228,138.62424,-43.6666,219.8347
71,891.3184,-164.83472,115.62393,-83.23641,154.5611
72,878.95496,-194.84895,144.24432,-90.21347,114.12448
73,830.75916,-219.17624,184.00691,-106.2263,105.316956
74,795.2404,-251.57831,174.2525,-141.77728,97.95564
75,791.82623,-281.69034,175.12318,-137.01642,68.69829
76,772.12445,-293.91562,196.43253,-123.8467,45.19648
77,708.8544,-293.09006,227.0628,-139.05435,33.331856
78,646.42615,-290.4105,249.85696,-143.92105,11.313332
79,613.8203,-283.28284,233.27664,-159.89392,-0.23784733
80,589.65125,-274.16788,219.96942,-192.54626,5.6861706
81,554.8001,-253.62144,233.2626,-188.9207,13.414221
82,504.43408,-217.02267,231.3418,-167.6268,20.932896
83,471.3751,-198.18748,219.08234,-175.85275,12.801567
84,468.42303,-180.42,218.52942,-183.48753,1.4264193
85,421.28638,-125.36533,220.12604,-158.6742,13.582457
86,295.31723,-63.67975,222.63235,-142.78468,17.459929
87,191.00952,-16.841423,222.29062,-133.883,19.588972
88,170.60828,10.98261,213.69354,-81.17869,38.51562
89,158.69101,19.723122,195.92577,-32.932854,54.059666
90,117.21224,47.11449,193.00763,-45.050056,68.878235
91,102.7908,83.237755,200.22397,-52.89263,80.877045
92,85.839294,105.142715,173.21771,-26.553532,90.68306
93,19.703568,140.76814,160.14127,-28.287039,88.25316
94,-41.861176,173.62253,177.38492,-42.684048,71.659515
95,-90.405396,186.44775,170.55722,-21.736853,75.98511
96,-158.12274,201.66124,172.79517,4.8789644,90.548416
97,-200.64572,220.92856,181.94206,6.699239,87.22656
98,-218.95554,246.84036,170.87991,6.2817907,81.43533
99,-273.83392,265.72406,183.34753,12.011666,78.17038
100,-344.85925,258.42117,202.18446,10.018889,73.02338
101,-381.53662,265.37854,214.53278,21.378841,80.62724
102,-396.6032,288.42734,229.89948,43.03471,89.274704
103,-418.3058,276.35223,236.3277,49.736652,83.44801
104,-429.75323,256.54132,254.73538,60.67391,60.890247
105,-418.41425,241.58517,258.37354,73.69567,57.52786
106,-415.59332,221.27995,232.56628,62.15836,86.992325
107,-441.95612,222.19875,227.95517,45.068523,84.10426
108,-438.98004,211.70007,211.44351,34.593838,42.917316
109,-410.2162,179.50615,172.69267,29.451427,29.937008
110,-408.0208,159.96567,162.92468,22.343258,41.45422
111,-420.5609,153.27995,162.35988,23.987244,44.923397
112,-429.11688,151.30927,147.17528,41.40046,45.43112
113,-442.49646,131.1695,124.22137,34.155018,39.976986
114,-443.1037,84.15988,104.0923,12.72404,31.250889
115,-463.8506,58.42062,109.906555,30.87257,34.403313
116,-543.73254,65.482864,130.14246,56.99631,45.85714
117,-592.9169,43.544308,115.76953,48.997807,53.93858
118,-568.8743,3.988532,88.42082,30.920353,55.198605
119,-586.93854,-14.029637,98.90322,26.174286,43.438248
120,-641.9367,-19.821877,119.12518,35.989418,22.622665
121,-663.85913,-26.909206,138.3438,41.43679,9.194071
122,-661.55554,-70.68987,151.6211,25.94485,11.008831
123,-664.7331,-128.39699,127.86481,6.6742315,19.68033
124,-678.98663,-147.19164,129.55037,1.4718542,18.376225
125,-673.9337,-175.45723,151.83261,-2.221115,-10.572436
126,-668.7246,-217.23683,118.295395,-16.385357,-31.685764
127,-682.17236,-234.77986,94.35727,-16.691982,-6.2417154
128,-663.7869,-252.85576,123.72157,5.5403204,16.666079
129,-640.8303,-266.30002,147.27133,29.09814,1.4327068
130,-646.2759,-252.54552,134.02283,41.93796,-12.147986
131,-649.1358,-249.17459,99.2175,38.947582,-8.218655
132,-650.98517,-275.92056,68.33123,21.816341,-4.4068213
133,-646.9513,-305.10968,47.64025,6.856879,-3.0921516
134,-623.4991,-333.53986,19.702759,-8.864004,-0.81349945
135,-611.5877,-350.47757,-3.5626297,-12.63493,16.009233
136,-616.5028,-328.7784,4.0206985,3.9274168,27.323162
137,-603.268,-326.76608,29.658539,12.578404,11.446114
138,-563.90906,-376.91278,34.740585,11.5925665,13.801308
139,-521.5293,-374.80557,22.014744,26.591122,50.437668
140,-463.01788,-297.6608,7.8273087,35.340008,46.13213
141,-380.26172,-260.88284,12.280746,37.25653,16.677418
142,-310.24133,-281.41263,31.050896,53.51736,42.62144
143,-272.6599,-276.58566,47.74409,57.420574,51.853607
144,-234.69113,-232.06673,57.499435,44.65015,13.387381
145,-176.82605,-188.70126,63.259636,52.563038,15.974062
146,-116.263,-154.88377,90.697136,64.89736,39.17862
147,-81.397736,-124.58888,138.46387,50.061954,23.799248
148,-82.078735,-127.43634,153.72409,17.808037,2.4188528
149,-120.4433,-182.48564,152.13065,1.972045,-5.4582863
150,-230.29239,-231.46939,178.87927,14.553485,-21.962433
151,-377.5083,-253.46709,192.94955,12.278842,-46.88462
152,-481.98407,-276.0994,175.64255,-9.537718,-75.473045
153,-559.81396,-288.62958,146.33643,-3.3732767,-99.325714
154,-646.1824,-314.4931,107.13507,-4.2422495,-104.9536
155,-724.53784,-367.1859,71.946594,-24.987629,-97.54918
156,-780.6383,-402.23636,42.23283,-1.7189417,-75.73682
157,-797.52783,-427.1871,-16.902832,33.876972,-47.919636
158,-774.5697,-450.6907,-103.974724,26.144123,-36.803547
159,-777.80707,-437.2746,-140.58395,19.529789,-38.177914
160,-812.4402,-404.5438,-116.70353,33.1467,-43.925255
161,-808.4596,-385.64954,-122.63984,31.006367,-43.8186
162,-761.3332,-365.94818,-146.89127,15.786363,-34.744747
163,-711.3943,-342.09445,-147.31683,9.005446,-18.857597
164,-672.1111,-331.36014,-151.1477,2.247901,-2.4798946
165,-608.8509,-347.00272,-166.03848,-7.7923565,-2.2686214
166,-494.35608,-379.14682,-191.85922,-14.459511,7.0097275
167,-358.25098,-410.2058,-242.40817,-35.514812,27.628983
168,-260.13586,-433.22318,-286.48248,-54.23434,27.536911
169,-198.92969,-447.5424,-273.43573,-37.510056,39.392773
170,-128.32928,-461.13916,-226.92307,-22.8988,61.914303
171,-45.73236,-484.1372,-212.3353,-31.4918,56.452435
172,50.728943,-526.2366,-210.90872,-27.108105,61.24577
173,146.9588,-576.34424,-184.21582,-9.514563,97.53212
174,182.63596,-590.23346,-143.95627,-4.832034,119.60097
175,192.448,-590.28107,-115.62145,-12.352499,109.92351
176,249.86174,-632.9813,-89.88447,-22.305216,85.78046
177,304.99835,-678.49365,-76.47825,-30.822687,65.83989
178,332.4662,-689.3943,-88.57986,-46.11291,74.21344
179,358.70065,-687.01855,-86.12487,-75.37468,83.372116
180,355.0556,-690.6888,-54.064873,-99.87063,54.605663
181,315.9566,-678.3152,-26.327263,-98.06882,27.732357
182,325.07834,-649.8335,-11.672081,-81.52942,31.607357
183,377.34918,-642.2184,-18.263947,-82.94304,32.69476
184,400.1665,-645.0474,-28.553917,-104.66462,21.0256
185,391.2975,-612.38556,-31.46579,-121.415634,24.201664
186,391.49146,-586.76294,-50.34446,-126.83093,39.133896
187,392.13876,-590.74475,-60.603783,-118.078026,37.680386
188,359.92468,-563.5681,-54.829353,-106.504555,36.238205
189,330.3675,-522.44446,-79.52703,-111.70303,45.073174
190,322.10886,-505.52942,-88.73812,-112.81125,36.817177
191,288.72336,-474.41617,-41.17653,-96.8282,25.80872
192,241.24774,-429.4012,-29.928406,-86.9643,35.840668
193,200.8982,-398.50824,-42.79467,-84.33167,48.245213
194,143.54895,-368.57642,-11.75325,-76.56284,51.404613
195,92.983246,-326.73428,7.884117,-73.271484,34.741257
196,89.064804,-290.50577,-3.7993774,-72.85091,21.5904
197,80.91472,-259.0052,0.8863144,-61.8777,35.847607
198,41.21309,-233.65852,10.338013,-44.789238,39.372494
199,15.947433,-218.45348,4.5313187,-32.418114,25.538464
200,8.556717,-200.22266,17.828335,-21.554104,21.284203
201,8.360458,-195.26222,42.988503,-16.976542,29.804283
202,16.328308,-208.9349,31.980873,-18.430462,45.2782
203,7.4561005,-194.24622,22.920963,-11.247267,59.14201
204,-11.152313,-173.12468,48.369698,-7.946628,54.04633
205,-32.52304,-175.3039,61.589153,-25.11327,32.240356
206,-59.12549,-170.00685,63.539993,-36.546898,4.3064327
207,-75.68979,-163.18338,63.496082,-29.105171,-12.189355
208,-92.04797,-169.55588,27.985004,-28.282433,-6.1540937
209,-93.45996,-178.05952,-19.806229,-42.586685,3.0879097
210,-86.967804,-187.36691,-27.55259,-57.80854,2.923893
211,-103.171936,-199.80908,-12.043907,-71.320435,-0.47537422
212,-113.34393,-208.43596,-11.155731,-77.0059,4.0632496
213,-124.25888,-209.81189,-12.026817,-61.122932,13.910919
214,-154.48401,-211.54655,11.661087,-43.58722,28.260632
215,-170.76031,-222.46806,31.663574,-62.43613,37.811077
216,-176.78073,-230.3498,12.974632,-85.65592,34.76846
217,-198.26337,-225.70204,-16.598518,-78.25735,8.715597
218,-250.32416,-199.11488,-12.788071,-78.33683,-28.63633
219,-304.16113,-173.73352,-2.4186783,-88.35597,-31.22732
220,-321.16626,-164.27393,-1.7452927,-74.33619,-6.3414507
221,-339.8432,-141.37955,14.074867,-62.282146,-6.393322
222,-352.96716,-132.72972,31.09494,-73.82275,-28.151
223,-312.3664,-162.61339,31.08532,-89.51858,-29.14283
224,-284.5078,-177.19861,16.965767,-101.209496,-0.36984634
225,-328.4193,-173.48044,4.2080917,-91.802315,33.577557
226,-358.03882,-174.1993,0.53731537,-58.961567,57.63091
227,-348.70813,-151.23088,-7.273903,-39.595135,70.73724
228,-376.26874,-131.41548,-23.308647,-49.396763,79.11606
229,-409.63574,-143.891,-26.27562,-54.41133,89.20473
230,-407.84894,-116.25787,-12.268654,-34.61811,96.06244
231,-378.8706,-41.134296,-18.703125,-16.851295,94.03891
232,-288.22015,-10.412732,-63.403435,-29.270874,84.99147
233,-198.25711,7.1939764,-94.23701,-43.691784,89.1638
234,-173.63705,48.56854,-99.80547,-42.21691,102.873474
235,-117.53085,75.52792,-119.33381,-55.61318,103.92424
236,-19.350464,108.31904,-134.55093,-63.53815,101.689224
237,58.846237,142.35506,-131.79437,-36.083454,122.15193
238,115.20328,133.03592,-110.43066,-22.776268,134.92699
239,126.11808,103.47769,-83.31249,-41.831234,108.00629
240,102.56802,74.7955,-77.31815,-39.88732,92.01259
241,40.750717,73.960594,-67.19555,-25.648094,93.91812
242,-81.347534,86.31689,-61.19004,-38.172615,75.44145
243,-184.30133,69.469826,-71.10758,-46.504482,69.522736
244,-247.05713,40.18542,-61.518944,-36.23804,79.09863
245,-344.49982,9.519929,-51.60592,-26.41833,78.878555
246,-461.74017,-48.513348,-67.54313,-0.20073032,68.24956
247,-572.411,-101.06388,-78.30526,32.403847,54.411953
248,-678.8341,-122.61977,-71.34795,49.365673,68.08421
249,-744.0234,-167.94844,-87.41247,47.260563,96.09508
250,-777.8477,-230.79759,-151.15604,25.188473,96.142624
251,-813.5873,-259.23697,-203.03857,12.664485,82.30867
252,-830.4176,-279.33905,-197.4726,24.124813,77.68527
253,-828.4955,-307.169,-186.88635,43.44508,81.29907
254,-826.68494,-310.90857,-204.86981,67.16405,94.53769
255,-803.5603,-311.15686,-211.29242,76.73872,124.057144
256,-740.4976,-336.5746,-200.91534,66.96573,152.61794
257,-664.7731,-358.4939,-210.05185,63.322887,171.99716
258,-594.62787,-366.60574,-221.2886,61.458263,200.94434
259,-499.42798,-378.4152,-222.80087,55.346134,215.87642
260,-382.4546,-376.48004,-256.042,44.762142,214.07173
261,-276.8653,-369.12772,-302.8397,22.592926,221.41852
262,-168.2156,-388.4668,-312.24435,9.315448,216.87479
263,-65.294464,-413.71112,-295.17145,9.277219,193.07564
264,-10.278595,-416.26663,-257.20935,-3.315442,178.7338
265,27.011017,-421.79156,-223.17282,-18.729145,174.47096
266,91.64282,-438.971,-224.85571,-19.98209,156.3068
267,161.37675,-448.9165,-240.15152,-25.572147,129.68625
268,217.09052,-448.2564,-241.63605,-30.969105,124.054535
269,282.02527,-449.07028,-246.20206,-37.880955,136.6641
270,345.8363,-460.1648,-265.58002,-54.65197,130.53607
271,386.66998,-463.4547,-271.39832,-56.06948,120.70944
272,402.65808,-443.13156,-242.55862,-49.189205,128.95528
273,410.0277,-432.28653,-230.9635,-65.118095,123.550186
274,430.15643,-444.7624,-252.01978,-81.509346,111.4458
275,454.64978,-435.1885,-241.16614,-70.351425,117.37843
276,436.20267,-402.08643,-206.47943,-60.001617,122.477936
277,390.62988,-375.59518,-201.11945,-74.8642,126.905075
278,380.91656,-360.66998,-206.28442,-90.22569,132.20453
279,381.0718,-345.88412,-193.30182,-104.81821,117.60075
280,361.1602,-337.57977,-179.18661,-120.960075,94.68182
281,345.66287,-324.98706,-182.72101,-113.25075,87.851135
282,338.9547,-281.1927,-193.78467,-104.19895,81.98035
283,301.24408,-222.77039,-187.3146,-114.61591,59.991383
284,254.89043,-183.45932,-165.8667,-120.62184,43.370167
285,241.11536,-153.13368,-146.86438,-117.45103,54.557804
286,229.57889,-132.49467,-148.27426,-112.16728,73.31247
287,176.47833,-114.39456,-132.38162,-95.28845,58.737644
288,136.79669,-112.85812,-97.183815,-82.01317,40.572502
289,121.62485,-134.1707,-97.403786,-82.89838,48.835354
290,84.69141,-134.39612,-115.88543,-73.872185,45.456806
291,48.61699,-103.20278,-116.6383,-58.120354,37.195545
292,35.890823,-91.71948,-133.80646,-64.90806,42.830235
293,29.69957,-97.59694,-147.93869,-82.54961,35.08814
294,21.371338,-77.483475,-127.12449,-89.10411,28.062656
295,3.2143402,-52.591213,-105.84551,-81.157005,32.577198
296,-20.37384,-47.06786,-90.38651,-53.907875,37.33018
297,-44.610443,-23.190128,-68.72854,-22.861742,43.131844
298,-72.636536,5.9059477,-59.964897,-13.890406,52.52203
299,-76.9931,2.8720913,-74.33932,-16.69733,62.529232
300,-68.50238,-10.781446,-91.769554,-23.379436,55.728413
301,-86.1322,-28.821419,-91.14605,-48.135235,34.908466
302,-110.564514,-49.3098,-94.03246,-73.59785,34.53218
303,-129.70605,-56.70641,-101.11164,-86.56531,51.454945
304,-151.17877,-70.38902,-70.26423,-97.49976,58.681477
305,-167.89777,-85.047104,-27.471893,-101.10253,61.721195
306,-194.48965,-66.00639,-11.9811325,-83.03579,64.242325
307,-222.39554,-52.276062,-10.186401,-53.25742,74.97209
308,-198.19693,-66.549416,-39.96006,-30.785084,92.024
309,-170.13342,-62.72957,-67.73423,-24.465757,83.79338
310,-194.42487,-45.620586,-54.168877,-30.114857,66.40056
311,-230.89459,-38.03993,-59.08715,-47.204166,59.5609
312,-230.008,-37.159363,-86.19369,-72.338486,36.29153
313,-206.08627,-33.242393,-74.43386,-77.71799,16.722599
314,-199.41403,-36.12719,-42.578224,-65.54035,27.67184
315,-210.88748,-59.126156,-37.652466,-48.331413,56.879436
316,-207.5755,-62.661045,-59.901344,-31.335949,76.467224
317,-210.38074,-38.299644,-75.38105,-34.024548,79.454895
318,-266.24652,-19.335068,-62.68171,-36.095684,74.4715
319,-331.62457,-11.522161,-66.451775,-17.945517,71.63829
320,-360.53973,-9.462333,-109.93873,-2.956828,81.540054
321,-388.8294,20.849533,-123.576836,5.771064,75.39313
322,-375.26453,81.780396,-121.11848,4.086795,40.318787
323,-308.85107,137.08829,-139.37833,3.5627165,28.350632
324,-277.0288,184.0452,-135.06381,24.403309,32.934837
325,-249.608,215.02486,-113.5066,40.13286,27.761185
326,-171.25665,230.65991,-114.87072,36.376263,50.061146
327,-74.22571,246.21089,-115.55511,34.566063,71.204956
328,-2.3895874,259.74896,-89.31771,40.275116,50.897316
329,65.28462,253.115,-64.722084,44.60035,56.997684
330,149.45627,202.90529,-60.95324,36.624447,81.03778
331,211.8235,138.8143,-63.300117,16.958038,71.03612
332,226.53416,77.98375,-82.944756,-4.4774847,59.5919
333,194.99434,36.888935,-104.77038,-18.746553,39.175503
334,117.50397,44.904808,-98.073296,-22.472946,-6.7153344
335,19.144547,51.69124,-90.089516,-14.885253,-19.824415
336,-84.18475,27.736973,-116.65313,-8.958309,7.7260323
337,-196.17874,9.663707,-152.22229,-5.8689613,28.312675
338,-303.25708,-21.407219,-178.43903,19.292908,18.257927
339,-413.52722,-69.671326,-199.6258,53.350933,-12.435242
340,-539.6615,-103.18406,-190.25671,70.653625,-20.905235
341,-657.3085,-124.38364,-163.01047,86.872116,9.092541
342,-731.7072,-135.05122,-170.00742,94.41217,22.928524
343,-741.1035,-147.36932,-193.7363,88.83183,9.584232
344,-702.97974,-170.63326,-201.40973,100.753525,21.422897
345,-682.8158,-174.33128,-204.59528,116.2634,50.085358
346,-655.52814,-171.29921,-227.975,120.964355,60.573666
347,-577.3316,-197.26387,-263.64612,114.98131,58.520405
348,-493.9076,-231.04018,-286.5868,94.71979,53.33227
349,-412.2066,-244.22574,-284.45776,95.743904,55.11334
350,-302.20325,-249.41083,-289.4367,98.54356,54.74165
351,-209.3049,-264.00516,-294.21094,82.810455,48.77573
352,-151.64331,-279.21436,-274.5272,84.422585,50.165398
353,-67.039246,-297.10574,-258.30206,71.37397,64.02205
354,27.03366,-317.00497,-260.61566,32.29271,83.110214
355,75.8587,-319.88806,-245.3652,28.883564,88.20032
356,105.98831,-315.20514,-212.19626,39.007526,106.78175
357,175.38141,-328.53418,-195.84549,28.541492,137.63101
358,251.3959,-351.67746,-205.86124,27.390537,134.41614
359,266.57242,-343.7007,-209.43375,36.479877,125.54997
360,247.76178,-303.16086,-192.58023,36.241,136.01936
361,278.1407,-305.08517,-196.45578,24.915237,125.24161
362,348.16162,-353.08633,-227.16287,6.519725,93.653824
363,396.00095,-359.01312,-234.49951,-11.724406,70.68376
364,416.53772,-321.01453,-227.36514,-18.938917,64.34314
365,421.81024,-290.50644,-226.78284,-14.97948,58.780293
366,408.45416,-267.6885,-211.82657,-16.855331,48.513462
367,397.2631,-240.4021,-203.14389,-36.20416,40.723362
368,410.8636,-234.25409,-208.08215,-45.599335,25.726574
369,402.88525,-222.45096,-191.17285,-22.736956,27.985668
370,372.2717,-175.51631,-140.43195,0.0398798,58.615986
371,387.68787,-156.11816,-105.62643,-0.8885336,71.57561
372,406.4416,-156.2668,-117.739586,-8.797506,68.06874
373,365.057,-120.764885,-121.07629,-4.7595778,76.79144
374,321.72293,-90.43915,-92.40334,-3.627036,81.1456
375,291.2523,-88.31755,-81.32781,-12.150632,72.75586
376,230.61949,-55.622063,-94.48914,2.2438326,57.995235
377,182.72005,-1.3519144,-118.222984,23.505756,46.686405
378,167.93929,7.6968155,-129.30731,22.815228,30.597385
379,139.6769,-11.909786,-117.178764,13.790673,5.437561
380,91.823166,-9.012428,-113.60836,-0.16838264,0.046577454
381,64.126816,-4.1584144,-113.41569,-1.7948046,10.679094
382,65.17459,-24.162369,-109.61382,15.963286,3.840641
383,60.26219,-35.896736,-128.32153,5.970866,-13.167073
384,28.150894,-21.094723,-152.88507,-41.18402,-18.958721
385,1.412796,-4.8273406,-151.0398,-74.374214,-11.708353
386,-17.597992,6.0192595,-140.27386,-71.38647,-11.949016
387,-66.50018,27.57367,-125.72025,-65.23482,-17.768465
388,-119.99823,33.297043,-103.78141,-80.777885,-10.2850895
389,-136.5358,18.131626,-91.49261,-94.21442,0.7130623
390,-150.3435,15.159795,-77.17057,-95.9263,0.034395218
391,-182.06589,20.145733,-47.94773,-102.968994,-26.838171
392,-194.31042,19.378464,-15.523933,-97.34279,-51.787907
393,-200.78116,26.265488,10.719933,-71.86511,-48.272377
394,-214.27402,25.198559,11.566574,-61.73226,-39.271004
395,-200.97379,13.577544,13.527657,-57.523006,-27.030449
396,-193.4036,18.348007,34.59793,-34.820953,-12.140365
397,-203.17224,19.65393,25.900688,-29.82787,-16.945797
398,-197.00534,5.4291134,-20.625008,-63.56532,-23.876854
399,-207.67258,-0.031246185,-50.233696,-80.96667,-28.33846
400,-239.77664,-15.125567,-44.22,-69.69655,-50.543114
401,-261.8951,-32.41122,-45.043518,-71.10942,-68.93933
402,-286.77643,-18.051693,-47.38186,-67.74558,-72.12073
403,-306.64795,-7.4326334,-21.932487,-34.918507,-64.86505
404,-299.61414,-13.99482,-16.552315,-20.324806,-36.477448
405,-281.00726,-18.795332,-51.757286,-34.85449,-12.184158
406,-290.39734,-6.121545,-61.60575,-36.85037,-8.632214
407,-319.16852,14.680905,-39.75486,-24.89442,-7.7693834
408,-320.98413,16.941795,-43.55239,-13.961105,-18.251469
409,-308.29187,10.84908,-72.9638,-6.213361,-38.79684
410,-327.06238,-1.7891893,-78.657845,-9.0232315,-38.01633
411,-362.00842,-31.547508,-61.25576,-15.311009,-15.164465
412,-381.8485,-43.49922,-58.75141,-12.1550045,-12.419476
413,-390.69116,-29.960773,-69.39457,-2.5344677,-34.45576
414,-392.6919,-36.198853,-74.64791,-4.658948,-36.373276
415,-390.4336,-49.80868,-84.96856,-24.425465,-14.52865
416,-404.2079,-9.81681,-91.49708,-33.9178,-16.07278
417,-411.8777,62.858204,-100.39309,-27.344116,-42.027443
418,-362.14178,113.51017,-128.12405,-29.262745,-49.061996
419,-281.9115,145.30408,-125.93398,-35.913326,-28.929787
420,-215.13477,161.23643,-111.86054,-39.28724,-12.876069
421,-146.61288,165.96971,-116.78213,-45.647476,-11.943813
422,-49.20578,172.93306,-113.778725,-63.961906,-9.787552
423,54.737534,174.8056,-104.7667,-67.80534,7.9687214
424,128.31778,150.19543,-103.71761,-58.03362,21.732815
425,143.57947,120.927826,-91.7922,-58.589085,25.707497
426,110.00139,105.57562,-81.909874,-68.02722,21.039787
427,82.20245,84.9381,-93.51939,-72.72399,4.0085907
428,63.99237,65.12521,-134.86755,-66.64875,-12.539672
429,-20.242676,53.4753,-168.88742,-56.408726,-20.721436
430,-151.26025,52.63858,-154.47913,-41.013565,-19.424622
431,-245.32904,48.361065,-141.62863,-12.587298,-10.784938
432,-314.54498,5.0751753,-144.27493,13.227046,-1.505539
433,-410.37122,-35.61318,-119.51418,33.54142,-3.582223
434,-520.8446,-44.548466,-112.88291,64.05369,-5.0275726
435,-593.21326,-76.44928,-137.0585,90.19281,2.937458
436,-625.96497,-119.09601,-143.97559,94.410065,1.7523546
437,-681.30804,-135.44395,-161.53485,87.86488,2.4095516
438,-761.12067,-146.04297,-204.65207,81.44293,11.978294
439,-782.78735,-153.79817,-225.50159,82.80825,18.648964
440,-746.95386,-167.0273,-216.80954,87.811516,30.474457
441,-734.1201,-179.38821,-209.97998,88.74064,31.641453
442,-736.15314,-184.00594,-211.29343,82.73193,6.7265587
443,-697.9827,-200.44334,-216.52164,67.99917,-7.9526234
444,-621.27,-219.75928,-234.15225,54.61626,3.4536715
445,-538.92236,-235.77211,-231.43985,55.1402,7.07485
446,-470.1825,-246.7832,-189.39319,57.22224,4.497257
447,-369.8239,-261.91782,-177.00824,48.90186,28.318409
448,-235.18256,-304.7368,-204.47723,36.7952,58.950245
449,-147.38217,-338.04807,-206.7211,27.608414,68.71991
450,-93.10956,-338.6592,-181.65356,25.209133,84.161285
451,-28.108887,-328.3784,-172.9448,29.623703,107.16554
452,24.091217,-313.59882,-194.7128,29.132305,112.43878
453,61.99034,-315.13507,-210.41824,20.045883,105.26312
454,106.6882,-334.8499,-197.06802,16.518501,90.24776
455,153.37875,-343.1061,-193.44232,6.221572,69.52823
456,193.62033,-343.20447,-218.22891,-16.4326,69.90863
457,212.28632,-334.13626,-223.19736,-26.301819,75.36725
458,205.92929,-296.9966,-197.25693,-14.592248,64.68898
459,208.3859,-257.6308,-177.64832,1.285018,47.35425
460,227.54248,-254.31886,-185.35748,-9.117867,29.910183
461,226.65372,-261.14926,-198.05704,-40.17321,22.061283
462,217.91473,-255.89456,-181.69855,-54.60962,11.263042
463,234.65483,-237.65364,-164.28113,-50.60177,-7.8948164
464,234.61404,-217.19437,-168.44531,-47.837616,-23.38021
465,181.18353,-200.3604,-150.22464,-45.408985,-32.72203
466,112.83624,-163.84586,-110.75799,-43.871346,-9.300292
467,64.81793,-113.65842,-81.01223,-36.12904,31.136616
468,45.620514,-95.789116,-72.395454,-27.105797,26.65451
469,45.127,-107.18837,-81.12849,-39.060566,-3.7661352
470,49.294342,-104.94006,-83.01055,-55.770245,-13.950956
471,44.681015,-81.17921,-69.90664,-54.003525,-14.335298
472,17.450165,-65.47736,-55.821587,-48.770027,-15.490839
473,-19.07846,-60.066196,-39.012985,-37.965153,-10.59979
474,-44.948914,-37.689014,-30.689415,-28.00286,-19.09702
475,-71.28299,-5.4807024,-31.060455,-30.643797,-29.276463
476,-102.89661,18.378754,-41.76191,-31.686213,-5.0473895
477,-136.2308,43.67849,-50.200447,-26.786522,13.93865
478,-161.91537,61.3698,-33.80243,-21.959478,4.7074184
479,-197.81088,68.84747,-20.496933,-23.840324,-3.353528
480,-250.15784,88.34546,-29.593307,-30.537205,-7.8725247
481,-256.65872,108.353775,-49.205833,-26.246906,-18.707561
482,-249.34021,123.94577,-58.824837,-25.417831,-46.810307
483,-291.1444,143.2139,-30.12481,-36.48412,-76.25174
484,-322.2384,136.81606,-3.7554855,-41.045334,-76.741425
485,-336.84216,123.95216,-12.8203125,-38.961914,-62.27187
486,-368.2044,125.744675,-14.07325,-30.530231,-56.004635
487,-347.08783,102.20942,-19.297905,-21.881681,-55.05068
488,-299.10443,69.695724,-37.308502,-30.509134,-57.381466
489,-294.02917,71.47188,-33.137077,-32.37531,-60.513935
490,-290.46173,79.64393,-22.85167,-16.098473,-45.5127
491,-273.16785,56.13075,-31.759476,-9.257394,-16.93154
492,-285.5431,39.49951,-23.004501,-20.088657,-16.468925
493,-299.98553,52.20148,0.5434494,-29.208935,-25.031544
494,-311.46014,64.67551,5.786522,-28.76063,-24.951244
495,-335.53442,64.408005,-13.892052,-36.79259,-43.42632
496,-334.7201,54.545563,-42.113815,-44.9089,-48.405926
497,-319.85052,35.63344,-59.757484,-33.70721,-21.643085
498,-324.85052,26.887096,-61.80239,-22.952347,-3.6002283
499,-345.70416,40.96008,-48.230095,-23.276318,-1.3463783
500,-359.03467,52.56631,-31.910416,-19.535645,6.780382
501,-367.31512,49.547325,-24.471512,-18.781982,9.56115
502,-380.97583,43.911777,-29.437355,-27.026497,-17.09855
503,-382.0069,39.1858,-42.944542,-30.437634,-40.621986
504,-381.5042,40.999653,-23.237442,-20.117348,-24.596453
505,-402.398,51.40701,8.410965,-8.69375,-2.5374374
506,-425.16736,59.788914,-6.174347,-5.5813093,-1.451807
507,-431.27722,63.03079,-21.96125,-4.2133703,-3.7719965
508,-422.8567,79.6196,-27.919151,-2.921134,4.0405865
509,-405.64526,78.995865,-61.069725,-18.550915,-3.9192047
510,-388.22522,34.699287,-72.81275,-34.006416,-27.323586
511,-395.53113,18.499088,-45.994698,-13.136396,-30.56569
512,-397.79858,45.355686,-57.416023,9.219523,-6.387267
513,-360.54767,52.225773,-96.26975,-5.252342,10.85935
514,-324.15308,50.14203,-91.706184,-22.952948,-5.6192217
515,-301.83582,38.599575,-71.95121,-23.822243,-22.634457
516,-274.12775,26.173504,-59.460167,-22.744957,-11.158868
517,-239.40857,40.73781,-54.356453,-17.32277,-7.4789076
518,-215.72644,59.791462,-72.195015,-8.676525,-19.62918
519,-216.34274,56.872707,-78.011116,-16.962833,-37.6916
520,-206.14926,47.240498,-89.02859,-28.093227,-35.2511
521,-208.90726,72.78147,-118.575935,-10.354617,2.3428097
522,-247.86655,115.867294,-114.56786,11.176969,21.617283
523,-246.66977,109.96149,-89.1285,8.070342,2.6499538
524,-220.94171,76.31458,-81.225975,6.2295675,-5.06812
525,-254.41385,83.75796,-95.210884,-4.0793514,-7.3351912
526,-297.66522,114.973854,-116.51327,-23.520264,-28.953724
527,-302.61597,111.46415,-125.04505,-11.795156,-41.70015
528,-322.39685,102.35644,-129.26453,10.180734,-28.40575
529,-338.80743,109.944916,-132.40231,12.943547,-12.884841
530,-329.32367,112.43794,-117.8381,17.42229,-14.143341
531,-321.42114,119.021805,-113.003685,14.476405,-18.071247
532,-301.1494,136.69742,-145.52673,1.3124418,-18.938448
533,-258.31332,154.89928,-169.39673,5.0133867,-32.350193
534,-214.07083,161.83868,-153.63705,11.300702,-43.85623
535,-178.7804,160.667,-127.15708,4.994849,-41.056477
536,-158.03006,176.67403,-114.8845,5.3276396,-33.897156
537,-134.88712,199.10684,-125.28727,19.019428,-24.686499
538,-112.33588,204.59119,-148.2569,30.02312,-19.955334
539,-95.07147,203.01115,-166.17783,20.6549,-20.184687
540,-67.46802,203.76768,-169.7286,-1.1503296,-14.167652
541,-43.126465,204.01984,-147.81473,-12.283387,-8.926807
542,-16.81549,203.46584,-132.71777,-21.537169,-17.35548
543,26.47316,221.19917,-153.48792,-35.134193,-27.405315
544,41.6819,247.23528,-171.98993,-46.516964,-18.250193
545,49.365738,240.31747,-164.5487,-51.585663,-1.2689924
546,95.06146,206.19505,-154.35599,-41.37742,1.4679031
547,140.55997,184.94632,-140.4813,-39.43189,-8.011957
548,152.46385,168.03024,-119.070335,-52.57831,-15.637169
549,149.13199,162.0688,-123.04922,-65.13213,-1.9025116
550,140.36359,189.13503,-153.2391,-85.86843,10.716141
551,133.23912,214.26013,-160.5463,-100.82267,-1.0444317
552,130.38322,214.53111,-133.95724,-91.42597,-2.364809
553,116.05672,239.25548,-108.76891,-76.17389,18.555557
554,109.732285,287.57886,-103.57995,-58.874405,23.785664
555,135.38324,297.48514,-100.705605,-52.64304,8.2493515
556,151.32103,288.25412,-82.3948,-64.47198,-1.0369034
557,160.46213,298.74362,-75.45837,-68.724625,-8.312627
558,185.65244,301.60095,-78.03402,-53.911358,-27.835072
559,189.41351,300.22516,-47.82528,-43.17152,-44.45851
560,189.10983,308.85913,-21.63527,-50.43548,-58.84332
561,222.41986,307.15775,-52.250984,-57.41277,-71.67745
562,231.15683,314.51355,-66.14129,-47.643337,-72.52425
563,202.33621,336.3702,-32.403946,-39.109776,-71.1255
564,201.34613,327.21866,-1.337738,-44.64009,-71.26916
565,209.56693,307.14166,19.434757,-43.751213,-68.268036
566,204.9922,312.49985,27.202152,-24.01366,-57.900738
567,222.69354,318.9501,8.694351,-9.9207325,-46.5944
568,247.39578,318.1237,-0.84586334,-5.736967,-54.044323
569,255.00473,324.5292,7.469139,-6.519788,-74.27223
570,285.00024,312.71732,-1.7541046,-22.593784,-79.461395
571,332.11414,290.49246,-18.1511,-40.898182,-62.09991
572,333.04437,313.56293,-30.69915,-57.806454,-59.588615
573,297.4981,348.0568,-42.099625,-79.83662,-79.25551
574,282.87692,355.09323,-41.571655,-77.773735,-88.63312
575,270.48083,384.09427,-43.608658,-55.78274,-87.12785
576,265.3525,394.01337,-47.523827,-50.002934,-89.423904
577,295.59335,336.62216,-36.60932,-66.33212,-93.252884
578,302.02725,310.2202,-12.450867,-69.72223,-89.58618
579,276.25806,332.79803,8.563217,-43.661438,-91.07164
580,282.6349,317.2125,-5.765236,-25.817444,-102.12433
581,283.0134,291.7445,-23.582962,-33.699745,-91.42491
582,265.0753,289.51862,-7.5137634,-29.416615,-53.556744
583,282.26218,283.43375,4.1373367,-15.866584,-30.491003
584,297.60733,301.19183,-3.1930237,-18.748245,-38.2381
585,283.0806,334.78906,-1.203598,-16.294758,-54.670925
586,311.3944,317.93542,6.3466263,-4.4891443,-60.82647
587,369.63965,285.24197,26.567204,-11.552555,-64.37015
588,373.06476,305.78537,51.823772,-20.807037,-69.05753
589,350.84216,341.22644,53.072266,-3.9645872,-60.162285
590,341.50317,338.3131,60.869667,15.125306,-50.19608
591,331.838,320.63458,83.001305,6.115926,-60.498394
592,346.90613,303.16888,69.05498,-14.081796,-73.84073
593,385.76062,281.23483,43.00344,-23.293682,-76.93318
594,414.1523,267.10965,54.48488,-20.824862,-82.71306
595,427.78482,266.82068,58.028084,-13.205896,-80.614
596,422.67694,265.3142,24.187965,-10.566912,-56.39833
597,416.79053,249.40175,18.913002,-9.65873,-43.50707
598,424.0252,230.2224,53.051823,-2.8541212,-57.449364
599,439.53247,225.07674,45.00653,4.723117,-58.752907
600,457.70032,212.05577,3.5913467,8.040141,-36.934654
601,460.90186,193.72847,-7.27549,10.842853,-15.971596
602,457.7624,197.50421,15.505363,22.947163,-16.747
603,456.86133,200.78017,25.441399,34.794254,-30.02969
604,458.22797,190.67693,2.97538,34.42572,-27.562763
605,479.87952,183.69263,-21.480232,37.695484,-20.90366
606,516.49115,181.51695,-32.566086,38.554806,-18.630402
607,530.9099,172.58134,-35.492134,30.75388,-10.799166
608,509.0562,160.47507,-39.346024,22.651752,-25.321226
609,502.60483,168.0673,-59.473854,7.058257,-58.805065
610,540.7674,171.54626,-72.40353,-11.392492,-65.20874
611,544.7307,153.94398,-64.5962,-14.368053,-52.19764
612,503.7705,140.81001,-61.484215,-14.669516,-49.308674
613,496.24,142.65428,-45.08197,-13.323164,-49.25546
614,509.8037,150.05946,-13.2055435,5.227542,-52.15511
615,498.04785,149.43718,-12.510323,25.132706,-66.96582
616,492.39075,134.78587,-20.441597,35.496387,-73.388916
617,514.932,111.042656,-14.761185,43.928337,-62.807518
618,527.92267,87.95074,-19.697609,34.273502,-59.652893
619,532.1218,70.06702,-25.254707,14.907163,-66.36127
620,539.4075,69.1479,-23.55159,10.428702,-73.439224
621,552.9647,60.11192,-27.18686,-1.0510778,-78.457
622,576.19116,24.913502,-17.829086,-18.262102,-63.987995
623,589.04254,1.6194134,-5.2901917,-10.85351,-33.133316
624,582.9193,-8.652461,1.7717667,13.390319,-18.229538
625,569.1471,-11.57657,3.909195,30.622345,-17.727386
626,577.8591,-1.5467529,-19.502663,24.155174,-2.0603828
627,613.4114,-1.8142643,-42.195747,15.1581335,6.980894
628,622.0996,-10.642299,-48.974205,20.518246,-19.415358
629,591.6898,-5.50068,-57.78173,18.896446,-29.514603
630,588.1925,-0.70770645,-64.44244,11.032889,-5.395704
631,608.03644,14.590486,-67.92776,9.955501,-15.475372
632,620.458,29.030006,-73.28306,12.014743,-47.121967
633,652.866,-2.1200256,-65.75297,21.406395,-27.092983
634,671.2344,-23.627144,-40.422707,40.107517,8.115934
635,634.03625,7.9324656,-21.432579,40.113182,2.8909273
636,609.13464,13.293107,-25.573769,11.886916,-20.203365
637,608.0969,12.168344,-39.292595,-4.9277487,-20.502491
638,602.07947,35.935307,-59.40873,4.77929,-5.409034
639,602.44434,42.896484,-59.45565,-1.3036146,-21.69188
640,602.62714,28.345768,-49.786003,-25.577059,-48.985382
641,587.8716,16.80642,-48.776176,-17.2835,-44.051914
642,561.7075,24.655647,-33.01954,15.548404,-43.468277
643,539.85693,29.46674,-19.420982,15.380109,-57.26045
644,549.25037,-1.4848051,-42.850998,-9.542966,-49.41189
645,569.00854,-33.844296,-67.289696,-10.446239,-35.95763
646,562.56396,-27.208565,-59.900795,-4.6936913,-39.081985
647,546.20276,-13.970625,-43.38749,-5.627845,-40.228374
648,542.9751,-21.681438,-42.27559,4.972743,-27.790646
649,558.905,-15.454473,-58.117928,14.334521,-20.935879
650,584.66833,0.19303131,-71.17487,16.625576,-25.960213
651,597.7916,-20.919228,-71.8682,19.570496,-20.001198
652,586.9143,-39.488274,-58.79882,15.007157,-3.4337797
653,583.94055,-22.11864,-30.669273,21.761074,-1.7733746
654,594.9883,-6.4953146,1.7201004,59.26917,-10.827625
655,592.2258,-3.8086867,24.595161,91.52339,-1.7098646
656,603.6619,-13.187135,9.755447,89.76728,-0.8936939
657,627.5436,-37.480644,-23.904762,82.07737,-27.477917
658,623.99146,-46.30608,-23.094803,87.77188,-45.193676
659,625.55054,-53.21719,-27.624863,77.73409,-29.37205
660,642.2382,-81.73386,-55.718346,41.228943,4.818922
661,625.5669,-82.72324,-69.069496,14.99805,18.603077
662,590.4274,-43.51456,-75.15771,17.504055,2.027892
663,567.39746,-21.794374,-80.96775,22.577396,-6.854027
664,543.1133,-27.149757,-60.437157,16.09269,-5.411648
665,520.1518,-40.50622,-29.797256,12.647132,-9.782975
666,507.19952,-47.000862,-25.691055,26.151295,-13.240509
667,513.28,-43.610153,-43.137917,44.220715,-37.031994
668,518.2649,-48.59631,-46.66488,43.05362,-66.95627
669,511.01788,-62.62759,-42.23948,35.669018,-65.71564
670,506.7583,-55.049797,-50.31913,42.914745,-46.24609
671,491.01227,-46.477215,-52.73266,49.140705,-29.60771
672,475.9073,-79.05555,-50.163048,41.52147,-22.163017
673,519.93616,-136.52483,-79.61874,19.795494,-11.789245
674,554.3413,-151.73253,-105.5185,7.5902987,-0.33369732
675,515.60486,-127.40838,-83.77445,12.544375,-24.591288
676,526.26074,-114.29525,-74.524254,19.362656,-54.029064
677,585.98254,-106.201454,-90.96252,28.789879,-44.60918
678,593.3093,-114.528915,-84.83477,34.193985,-25.710342
679,583.2285,-122.42242,-66.80088,37.819183,-9.945166
680,571.7578,-101.21586,-78.43188,56.278904,2.1391525
681,555.71564,-84.94975,-90.53466,66.94896,-8.45109
682,552.0861,-86.045845,-91.68195,53.722485,-35.110046
683,520.31934,-76.28243,-106.98841,44.525448,-50.498417
684,471.41705,-55.45284,-95.99709,42.032692,-37.951767
685,456.27954,-43.602295,-50.200676,29.370739,-18.863935
686,477.82648,-51.760487,-55.48893,-0.20818996,-10.023113
687,518.00323,-68.680336,-76.16068,-15.979643,-9.763866
688,546.53125,-82.31244,-34.414497,4.6765356,-17.774374
689,534.5691,-88.93838,-15.210518,21.675278,-15.994211
690,506.55988,-85.531746,-38.09397,26.750027,-14.796476
691,514.755,-88.814644,-38.87171,31.749584,-26.883923
692,536.11926,-93.65232,-30.506218,25.656971,-28.72348
693,540.89746,-104.840195,-39.417862,31.205364,-14.141972
694,550.4072,-127.49546,-44.08869,51.165096,-5.558002
695,562.951,-144.91084,-37.6062,51.41972,-8.082142
696,578.35986,-170.69438,-36.465225,43.374428,-29.886997
697,602.1664,-190.46393,-62.196815,42.081676,-61.1826
698,595.3431,-165.14888,-77.806694,51.59168,-70.994354
699,552.78876,-133.50865,-44.519035,76.6704,-51.076927
700,523.25916,-138.7611,-20.520561,85.67434,-21.992134
701,501.82025,-155.84084,-15.59848,68.89515,-19.183529
702,479.51614,-164.78664,-7.774315,52.568462,-21.788965
703,478.78625,-167.20445,-19.885063,35.093502,6.7614517
704,486.5938,-155.26727,-26.835426,38.0528,29.984272
705,504.86636,-141.98839,-7.1304092,71.3369,32.6243
706,529.1222,-142.68704,1.1653061,84.1815,54.468693
707,519.4531,-130.96349,-2.1861954,89.582214,78.74919
708,499.22937,-119.61271,0.27583313,101.76168,79.7988
709,477.43396,-116.398796,13.049889,98.452225,74.39247
710,443.815,-102.690186,19.768482,94.76767,71.19595
711,444.06836,-105.10816,0.87841034,88.72951,55.418095
712,477.76083,-132.06651,-27.57225,71.82718,31.117764
713,462.66614,-144.35693,-32.43495,55.391026,14.176163
714,413.3585,-128.94464,-26.60759,49.47064,3.5401115
715,413.38202,-113.86436,-36.8319,56.385532,-7.7881455
716,436.08945,-121.32445,-51.56585,62.27606,-14.892941
717,426.92535,-125.87396,-61.368416,73.96897,-10.437659
718,435.8534,-121.25231,-65.791756,86.09937,-1.5989552
719,487.38104,-118.942894,-69.98495,68.66597,-6.059892
720,512.65576,-113.099075,-59.43766,52.027927,-10.253584
721,479.3543,-114.695015,-13.067291,57.04822,2.8880873
722,453.29932,-119.17547,27.187397,50.820316,11.532089
723,467.5079,-119.16619,38.68409,42.33148,12.1615715
724,481.47348,-126.25854,45.7786,49.822308,15.223207
725,484.83148,-130.66907,50.764977,58.647083,8.280113
726,462.36566,-130.42429,63.183907,74.96444,4.5971756
727,420.01923,-132.45665,72.828255,94.199036,16.152966
728,410.36658,-117.505165,47.504158,97.895134,36.145267
729,420.9788,-106.00887,15.897472,92.2764,47.131096
730,426.44525,-123.40858,-5.674774,83.67802,33.37455
731,441.11096,-131.9116,-23.932022,67.581245,4.9890785
732,433.49286,-119.60871,-28.227089,53.812977,-23.664192
733,418.61127,-117.712326,-25.34874,51.293736,-27.413864
734,449.31512,-135.59431,-22.298233,53.36527,2.6322937
735,474.17697,-146.21724,0.6576233,51.601444,6.5124207
736,458.1567,-138.99796,6.662285,35.188263,-15.818103
737,441.78375,-133.64711,-17.120163,21.615784,-0.29424953
738,443.62854,-147.46425,-22.226738,27.011242,34.735405
739,464.65228,-173.43387,-35.6653,27.294117,28.369331
740,471.34402,-171.94994,-58.885857,18.325127,-14.622396
741,468.2473,-153.47458,-35.78926,20.320503,-40.171005
742,488.8028,-165.95302,-7.0314636,33.834736,-28.531889
743,483.01614,-177.94116,-3.2022247,50.9575,-15.29307
744,433.12384,-173.47523,1.6642685,45.443607,-27.083614
745,408.0755,-175.6173,-1.3460236,17.356419,-49.24095
746,432.19308,-169.72444,-20.624985,16.678791,-59.893867
747,446.29904,-159.19359,-31.781815,43.25624,-43.47366
748,427.44775,-154.03021,-24.751625,48.007534,-7.7420397
749,417.01508,-141.8525,-11.510712,45.485626,-2.1542463
750,406.9525,-139.57773,-7.363838,55.833935,-15.645056
751,388.0876,-137.60324,7.212372,60.97031,-1.8362103
752,381.05975,-114.43236,39.513725,71.441505,27.794884
753,381.31415,-116.86665,54.739853,80.470055,45.75453
754,376.00854,-141.498,51.557068,64.53851,59.99731
755,370.36084,-122.5532,56.10051,55.422672,73.281494
756,389.1692,-98.34712,55.72222,75.596886,67.601425
757,437.08792,-105.8013,49.71827,89.786095,42.780754
758,474.94934,-114.45611,40.687687,75.37354,30.717644
759,476.26743,-110.97644,35.19164,77.15883,43.794495
760,455.29156,-78.265915,44.045776,92.76011,51.009098
761,446.66895,-41.0852,58.0851,79.289696,41.703674
762,481.84106,-59.97839,55.245808,66.68521,26.32204
763,498.42282,-98.18634,49.425354,72.28619,10.816765
764,466.39493,-103.525345,51.387672,57.51903,19.402008
765,433.05048,-110.684364,38.239265,36.332584,40.220524
766,394.51932,-126.23578,23.74517,52.781605,32.31605
767,366.6111,-119.35798,35.544796,82.30247,5.3208447
768,374.7239,-121.72541,35.177616,76.81913,-5.2704964
769,377.79596,-151.76376,18.565216,46.133877,7.164215
770,377.16718,-164.83713,24.054737,35.790554,16.53715
771,393.22168,-159.45149,29.072517,39.731174,-4.1766763
772,407.0352,-173.05432,44.083977,29.91415,-16.739357
773,399.04956,-170.00525,90.98809,34.472176,2.577733
774,378.12567,-152.29675,93.05483,37.586212,0.5023422
775,390.88742,-178.44077,53.81861,7.385064,-11.307581
